"Species","SpecCode","AutoCtr","StockCode","E_CODE","PopGrowthRef","Sex","Data","DataSourceRef","Loo","Number","r2","SE_Loo","SD_Loo","LCL_Loo","UCL_Loo","AssumedDistLoo","TLinfinity","K","SE_K","SD_K","LCL_K","UCL_K","AssumedDistK","to","SE_to","SD_to","LCL_to","UCL_to","Type","MethodGrowth","Winfinity","LinfLmax","Auxim","LogKLogLoo","SourceWinfinity","b","C","tmax","tmaxRef","tm","M","MethodM","Mquality","MRef","Number_M","r2_M","SE_M","SD_M","LCL_M","UCL_M","AssumedDistM","Lm","LmLoo","LmSex","TypeLm","unsexedRef","LmMale","LmLooMale","LmFemale","LmLooFemale","Locality","YearStart","YearEnd","YearRemark","C_Code","GrowthEnviron","Temperature","DeltaT","TempRef","Rm","Comment","Comment2","Entered","DateEntered","Modified","DateModified","Expert","DateChecked","TS"
"Acipenser oxyrinchus",2593,5570,2789,NA,39264,"female","other annual rings",NA,256,NA,NA,NA,NA,NA,NA,NA,256,0.07,NA,NA,NA,NA,NA,-3.2,NA,NA,NA,NA,"TL","other method(s)/n.a.",139354.45312,0,"unchecked",NA,"computed from TL Loo using Bayesian LWR",NA,NA,60,NA,NA,NA,NA,NA,NA,NA,NA,NA,NA,NA,NA,NA,NA,NA,NA,NA,NA,NA,NA,NA,NA,"Hudson River, New York",1992,1995,"sampling year","840","open waters",NA,NA,NA,NA,NA,NA,3,2001-08-17,65,2020-06-11,NA,NA,NA
"Acipenser oxyrinchus",2593,5579,2789,NA,39264,"mixed",NA,38754,184,NA,NA,NA,NA,NA,NA,NA,184,0.14,NA,NA,NA,NA,NA,NA,NA,NA,NA,NA,"TL",NA,48918.44531,-1,"doubtful",NA,"computed from TL Loo using Bayesian LWR",NA,NA,NA,NA,NA,NA,NA,NA,NA,NA,NA,NA,NA,NA,NA,NA,NA,NA,NA,NA,NA,NA,NA,NA,NA,"Suwannee River, Florida",1985,NA,"publication year","840","open waters",NA,NA,NA,NA,"FL converted to TL (TL=1.1*FL in Ref. 39585).",NA,3,2001-08-17,65,2020-06-11,NA,NA,NA
"Acipenser oxyrinchus",2593,5574,2789,NA,39264,"mixed",NA,38754,236,NA,NA,NA,NA,NA,NA,NA,236,0.06,NA,NA,NA,NA,NA,NA,NA,NA,NA,NA,"TL",NA,107679.05469,0,"unchecked",NA,"computed from TL Loo using Bayesian LWR",NA,NA,NA,NA,NA,NA,NA,NA,NA,NA,NA,NA,NA,NA,NA,NA,NA,NA,NA,NA,NA,NA,NA,NA,NA,"Kennebec, Maine",1985,NA,"publication year","840","open waters",NA,NA,NA,NA,"FL converted to TL (TL=1.1*FL in Ref. 39585).",NA,3,2001-08-17,65,2020-06-11,NA,NA,NA
"Acipenser oxyrinchus",2593,5578,2789,NA,39264,"mixed",NA,38754,242,NA,NA,NA,NA,NA,NA,NA,242,0.12,NA,NA,NA,NA,NA,NA,NA,NA,NA,NA,"TL",NA,116599.01562,0,"doubtful",NA,"computed from TL Loo using Bayesian LWR",NA,NA,NA,NA,NA,NA,NA,NA,NA,NA,NA,NA,NA,NA,NA,NA,NA,NA,NA,NA,NA,NA,NA,NA,NA,"Winyah Bay, South Carolina",1985,NA,"publication year","840","open waters",NA,NA,NA,NA,"FL converted to TL (TL=1.1*FL in Ref. 39585).",NA,3,2001-08-17,65,2020-06-11,NA,NA,NA
"Acipenser oxyrinchus",2593,5573,2789,NA,39264,"mixed","other annual rings",39404,315,NA,NA,NA,NA,NA,NA,NA,315,0.03,NA,NA,NA,NA,NA,NA,NA,NA,NA,NA,"TL",NA,268933.34375,0,"unchecked",NA,"computed from TL Loo using Bayesian LWR",NA,NA,NA,NA,NA,NA,NA,NA,NA,NA,NA,NA,NA,NA,NA,NA,NA,NA,NA,NA,NA,NA,NA,NA,NA,"St. Lawrence River",1964,NA,"publication year","124Q","open waters",NA,NA,NA,NA,NA,NA,3,2001-08-17,65,2020-06-11,NA,NA,NA
"Acipenser oxyrinchus",2593,10097,2789,233,83389,"female","other annual rings",NA,199,NA,NA,NA,NA,NA,NA,NA,226.33,0.122,NA,NA,NA,NA,NA,NA,NA,NA,NA,NA,"FL","non-linear regression",92157.92969,-1,"doubtful",NA,"computed from TLinfinity using Bayesian LWR",NA,NA,NA,NA,NA,NA,NA,NA,NA,NA,NA,NA,NA,NA,NA,NA,NA,NA,NA,NA,NA,NA,NA,NA,NA,"off central New Jersey coast",1992,1994,"sampling year","840","open waters",NA,NA,NA,NA,"Age readings from fin ray sections.",NA,3,2010-01-14,65,2021-06-22,NA,NA,NA
"Acipenser oxyrinchus",2593,10096,2789,233,83389,"male","other annual rings",NA,180,NA,NA,NA,NA,NA,NA,NA,204.72,0.147,NA,NA,NA,NA,NA,NA,NA,NA,NA,NA,"FL","non-linear regression",67046.82812,-1,"doubtful",NA,"computed from TLinfinity using Bayesian LWR",NA,NA,NA,NA,NA,NA,NA,NA,NA,NA,NA,NA,NA,NA,NA,NA,NA,NA,NA,NA,NA,NA,NA,NA,NA,"off central New Jersey coast",1992,1994,"sampling year","840","open waters",NA,NA,NA,NA,"Age readings from fin ray sections.",NA,3,2010-01-14,65,2021-06-22,NA,NA,NA
"Acipenser oxyrinchus",2593,23790,20730,NA,118920,"unsexed","tagging/recapture",NA,209.8,NA,NA,NA,NA,183.89999,260.39999,NA,238.61,0.123,NA,NA,0.08,0.17,NA,-0.52,NA,NA,-1.243,0.014,"FL","non-linear regression",108961.52344,-1,"unchecked",NA,"computed from TLinfinity using Bayesian LWR",NA,NA,NA,NA,NA,NA,NA,NA,NA,NA,NA,NA,NA,NA,NA,NA,NA,NA,NA,NA,NA,NA,NA,NA,NA,"Pearl and Pascagoula rivers",1997,2016,"sampling year","840","open waters",NA,NA,NA,NA,NA,NA,2448,2018-11-05,65,2021-06-22,NA,NA,NA
"Alosa mediocris",1582,8077,1775,NA,3672,"unsexed",NA,NA,61,NA,NA,NA,NA,NA,NA,NA,61,0.3,NA,NA,NA,NA,NA,NA,NA,NA,NA,NA,"TL",NA,2087.12964,0,"unchecked",NA,"computed from TL Loo using Bayesian LWR",NA,NA,NA,NA,NA,NA,NA,NA,NA,NA,NA,NA,NA,NA,NA,NA,NA,NA,NA,NA,NA,NA,NA,NA,NA,"eastern region",NA,NA,NA,"840","open waters",NA,NA,NA,NA,"Linf was set = to Lmax recorded for the study area.",NA,3,2004-12-12,65,2020-06-11,NA,NA,NA
"Alosa pseudoharengus",1583,3017,1776,151,2939,"female",NA,4586,20.4,NA,NA,NA,NA,NA,NA,NA,20.4,0.462,NA,NA,NA,NA,NA,NA,NA,NA,NA,NA,"TL","other method(s)/n.a.",57,0,"unchecked",-0.25607,"using LWR of species",3.01,NA,NA,NA,NA,NA,NA,NA,NA,NA,NA,NA,NA,NA,NA,NA,NA,NA,NA,NA,NA,NA,NA,NA,NA,"Lake Michigan",1986,NA,"publication year","840","open waters",20,NA,4586,NA,NA,NA,3,1994-07-03,3,2013-02-13,NA,NA,NA
"Alosa pseudoharengus",1583,3018,1776,151,2939,"male",NA,4586,19.4,NA,NA,NA,NA,NA,NA,NA,19.4,0.484,NA,NA,NA,NA,NA,NA,NA,NA,NA,NA,"TL","other method(s)/n.a.",68,-1,"unchecked",-0.24472,"using LWR of species",2.91,NA,NA,NA,NA,NA,NA,NA,NA,NA,NA,NA,NA,NA,NA,NA,NA,NA,NA,NA,NA,NA,NA,NA,NA,"Lake Michigan",1986,NA,"publication year","840","open waters",NA,NA,NA,NA,NA,NA,3,1994-07-03,3,2013-02-13,NA,NA,NA
"Alosa pseudoharengus",1583,3019,1776,151,4511,"unsexed","scale annual rings",4513,19.9,NA,NA,NA,NA,NA,NA,NA,19.9,0.47,NA,NA,NA,NA,NA,NA,NA,NA,NA,NA,"TL",NA,58.41967,-1,"unchecked",-0.25246,"computed from TL Loo using Bayesian LWR",NA,NA,NA,NA,NA,0.7,"other method",NA,4511,NA,NA,NA,NA,NA,NA,NA,NA,NA,NA,NA,NA,NA,NA,NA,NA,"Lake Michigan",1949,1970,"sampling year","840","open waters",20,NA,4586,NA,NA,"for all species for which this study gives estimates of M, write: ""M estimated from sources listed in Table 2 of Ref. 4511; details not available."" [Rainer/Cris: finding the details here would require another round]  ",3,1992-07-28,65,2020-06-11,NA,NA,NA
"Alosa pseudoharengus",1583,7993,1776,NA,52191,"female",NA,52208,17.3,NA,NA,NA,NA,NA,NA,NA,17.3,0.693,NA,NA,NA,NA,NA,NA,NA,NA,NA,NA,"TL",NA,38.38293,-1,"unchecked",NA,"computed from TL Loo using Bayesian LWR",NA,NA,NA,NA,NA,NA,NA,NA,NA,NA,NA,NA,NA,NA,NA,NA,NA,NA,NA,NA,NA,NA,NA,NA,NA,"Lake Ontario",1978,1992,"sampling year","840","open waters",NA,NA,NA,NA,NA,NA,3,2004-11-21,65,2020-06-11,NA,NA,NA
"Alosa pseudoharengus",1583,7994,1776,NA,52191,"male",NA,52208,16.8,NA,NA,NA,NA,NA,NA,NA,17.3,0.694,NA,NA,NA,NA,NA,NA,NA,NA,NA,NA,"TL",NA,35.15019,-1,"unchecked",NA,"computed from TL Loo using Bayesian LWR",NA,NA,NA,NA,NA,NA,NA,NA,NA,NA,NA,NA,NA,NA,NA,NA,NA,NA,NA,NA,NA,NA,NA,NA,NA,"Lake Ontario",1978,1992,"sampling year","840","open waters",NA,NA,NA,NA,NA,NA,3,2004-11-21,65,2020-06-11,NA,NA,NA
"Alosa pseudoharengus",1583,7992,1776,NA,52191,"mixed",NA,38634,21.4,NA,NA,NA,NA,NA,NA,NA,21.4,0.405,NA,NA,NA,NA,NA,NA,NA,NA,NA,NA,"TL",NA,72.65093,0,"unchecked",NA,"computed from TL Loo using Bayesian LWR",NA,NA,NA,NA,NA,NA,NA,NA,NA,NA,NA,NA,NA,NA,NA,NA,NA,NA,NA,NA,NA,NA,NA,NA,NA,"Lake Michigan",1967,NA,"publication year","840","open waters",NA,NA,NA,NA,NA,NA,3,2004-11-21,65,2020-06-11,NA,NA,NA
"Alosa sapidissima",1584,8080,1777,NA,3672,"female","scales",NA,48.8,NA,NA,NA,NA,NA,NA,NA,55.01,0.48,NA,NA,NA,NA,NA,NA,NA,NA,NA,NA,"FL",NA,1081.23999,0,"doubtful",NA,"computed from TLinfinity using Bayesian LWR",NA,NA,NA,NA,NA,NA,NA,NA,NA,NA,NA,NA,NA,NA,NA,NA,NA,NA,NA,NA,NA,NA,NA,NA,NA,"St. Johns River",NA,NA,NA,"124","open waters",NA,NA,NA,NA,NA,NA,3,2004-12-12,65,2021-06-22,NA,NA,NA
"Alosa sapidissima",1584,8079,1777,NA,3672,"male","scales",NA,46.3,NA,NA,NA,NA,NA,NA,NA,52.2,0.47,NA,NA,NA,NA,NA,NA,NA,NA,NA,NA,"FL",NA,924.34998,0,"doubtful",NA,"computed from TLinfinity using Bayesian LWR",NA,NA,NA,NA,NA,NA,NA,NA,NA,NA,NA,NA,NA,NA,NA,NA,NA,NA,NA,NA,NA,NA,NA,NA,NA,"St. Johns River",NA,NA,NA,"124","open waters",NA,NA,NA,NA,NA,NA,3,2004-12-12,65,2021-06-22,NA,NA,NA
"Alosa sapidissima",1584,8078,1777,NA,3672,"unsexed","scales",NA,73.1,NA,NA,NA,NA,NA,NA,NA,82.41,0.2,NA,NA,NA,NA,NA,NA,NA,NA,NA,NA,"FL",NA,3620.6001,0,"unchecked",NA,"computed from TLinfinity using Bayesian LWR",NA,NA,NA,NA,NA,NA,NA,NA,NA,NA,NA,NA,NA,NA,NA,NA,NA,NA,NA,NA,NA,NA,NA,NA,NA,NA,NA,NA,NA,"124","open waters",NA,NA,NA,NA,NA,NA,3,2004-12-12,65,2021-06-22,NA,NA,NA
"Anchoa mitchilli",545,5434,561,233,36753,"unsexed","annuli on many otoliths",NA,10.7,NA,NA,NA,NA,NA,NA,NA,11.8,0.36,NA,NA,NA,NA,NA,-0.81,NA,NA,NA,NA,"FL","non-linear regression",9,0,"unchecked",NA,"using LWR of species",3.18,1,NA,NA,NA,2.53,"age-structured catch curve in unexploited population","Yes",36753,NA,NA,NA,NA,NA,NA,NA,NA,NA,NA,NA,NA,NA,NA,NA,NA,"Chesapeake Bay",1986,1987,"sampling year","840","open waters",15,NA,36753,NA,"growth seasonality considered. K too low. SE for M = 0.58.",NA,3,2000-12-15,3,2013-02-13,NA,NA,NA
"Anchoa mitchilli",545,6975,561,144,46279,"unsexed","length-frequencies",NA,11,NA,NA,NA,NA,NA,NA,NA,11,0.6,NA,NA,NA,NA,NA,NA,NA,NA,NA,NA,"TL","other method(s)/n.a.",10.25182,0,"within ellipse",NA,"computed from TL Loo using Bayesian LWR",NA,1,NA,NA,NA,NA,NA,NA,NA,NA,NA,NA,NA,NA,NA,NA,NA,NA,NA,NA,NA,NA,NA,NA,NA,"Florida Bay, Florida",1994,1997,"sampling year","840","open waters",25,NA,46279,NA,"Used a seasonally oscillating version of the VBGF in ELEFAN. WP: 0.8",NA,3,2003-04-05,65,2020-06-11,NA,NA,NA
"Anchoa mitchilli",545,6976,561,144,46279,"unsexed","length-frequencies",46526,11.3,NA,NA,NA,NA,NA,NA,NA,11.3,0.61,NA,NA,NA,NA,NA,NA,NA,NA,NA,NA,"TL","ELEFAN I",11.16164,0,"unchecked",NA,"computed from TL Loo using Bayesian LWR",NA,NA,NA,NA,NA,NA,NA,NA,NA,NA,NA,NA,NA,NA,NA,NA,4.58,NA,NA,"TL",46526,NA,NA,NA,NA,"Palizada-Del Este, Campeche",1997,NA,"publication year","484","open waters",26,NA,37814,NA,NA,NA,3,2003-04-05,65,2020-06-11,NA,NA,NA
"Anchoa mitchilli",545,26669,561,1436,130949,"mixed","length-frequencies",NA,5.9,NA,NA,NA,NA,NA,NA,NA,NA,0.66,NA,NA,NA,NA,NA,0.61,NA,NA,NA,NA,"FL","ELEFAN I",NA,0,"unchecked",NA,NA,NA,0.67,NA,NA,NA,1.68,"other non-independent estimates",NA,130949,NA,NA,NA,NA,NA,NA,NA,NA,NA,NA,NA,NA,NA,NA,NA,NA,"Florida (Atlantic coast)",1996,2017,"sampling year","840","open waters",NA,NA,NA,NA,"M based on Then et al. (2015) equation.",NA,2448,2024-05-17,NA,2024-05-17,NA,NA,NA
"Anchoa mitchilli",545,26670,561,1409,130949,"mixed","length-frequencies",NA,10.8,NA,NA,NA,NA,NA,NA,NA,NA,0.35,NA,NA,NA,NA,NA,0.4,NA,NA,NA,NA,"FL","ELEFAN I",NA,0,"unchecked",NA,NA,NA,0.66,NA,NA,NA,0.88,"other non-independent estimates",NA,130949,NA,NA,NA,NA,NA,NA,NA,NA,NA,NA,NA,NA,NA,NA,NA,NA,"Florida (Gulf coast)",1996,2017,"sampling year","840","open waters",NA,NA,NA,NA,"M based on Then et al. (2015) equation.",NA,2448,2024-05-17,NA,2024-05-17,NA,NA,NA
"Brevoortia tyrannus",1592,3024,1785,140,312,"unsexed",NA,843,20.9,NA,NA,NA,NA,NA,NA,NA,20.9,1.091,NA,NA,NA,NA,NA,NA,NA,NA,NA,NA,"TL","non-linear regression",283,-1,"doubtful",0.02865,"using LWR of species",3,NA,NA,NA,NA,NA,NA,NA,NA,NA,NA,NA,NA,NA,NA,NA,NA,NA,NA,NA,NA,NA,NA,NA,NA,"South Atlantic",1964,NA,"year class","840","open waters",24,NA,37814,NA,NA,NA,3,1991-09-14,3,2013-02-13,NA,NA,NA
"Brevoortia tyrannus",1592,3025,1785,140,312,"unsexed",NA,843,21.9,NA,NA,NA,NA,NA,NA,NA,21.9,0.77,NA,NA,NA,NA,NA,NA,NA,NA,NA,NA,"TL","non-linear regression",329,-1,"within ellipse",-0.08468,"using LWR of species",3,NA,NA,NA,NA,NA,NA,NA,NA,NA,NA,NA,NA,NA,NA,NA,NA,NA,NA,NA,NA,NA,NA,NA,NA,"South Atlantic",1963,NA,"year class","840","open waters",24,NA,37814,NA,NA,NA,3,1991-09-14,3,2013-02-13,NA,NA,NA
"Brevoortia tyrannus",1592,3026,1785,140,312,"unsexed",NA,843,22.7,NA,NA,NA,NA,NA,NA,NA,22.7,0.463,NA,NA,NA,NA,NA,NA,NA,NA,NA,NA,"TL","non-linear regression",370,-1,"within ellipse",-0.24662,"using LWR of species",3,NA,NA,NA,NA,NA,NA,NA,NA,NA,NA,NA,NA,NA,NA,NA,NA,NA,NA,NA,NA,NA,NA,NA,NA,"South Atlantic",1959,NA,"year class","840","open waters",24,NA,37814,NA,NA,NA,3,1991-09-14,3,2013-02-13,NA,NA,NA
"Brevoortia tyrannus",1592,3027,1785,233,312,"unsexed",NA,843,24.3,NA,NA,NA,NA,NA,NA,NA,24.3,0.639,NA,NA,NA,NA,NA,NA,NA,NA,NA,NA,"TL","non-linear regression",460,-1,"within ellipse",-0.14037,"using LWR of species",3,NA,NA,NA,NA,NA,NA,NA,NA,NA,NA,NA,NA,NA,NA,NA,NA,NA,NA,NA,NA,NA,NA,NA,NA,"Chesapeake Bay",1954,NA,"year class","840","open waters",15,NA,37814,NA,NA,NA,3,1991-09-14,3,2013-02-13,NA,NA,NA
"Brevoortia tyrannus",1592,3028,1785,140,312,"unsexed",NA,843,25,NA,NA,NA,NA,NA,NA,NA,25,0.49,NA,NA,NA,NA,NA,NA,NA,NA,NA,NA,"TL","non-linear regression",504,0,"within ellipse",-0.22161,"using LWR of species",3,NA,NA,NA,NA,NA,NA,NA,NA,NA,NA,NA,NA,NA,NA,NA,NA,NA,NA,NA,NA,NA,NA,NA,NA,"South Atlantic",1957,NA,"year class","840","open waters",24,NA,37814,NA,NA,NA,3,1991-09-14,3,2013-02-13,NA,NA,NA
"Brevoortia tyrannus",1592,3029,1785,233,312,"unsexed",NA,843,28.3,NA,NA,NA,NA,NA,NA,NA,28.3,0.338,NA,NA,NA,NA,NA,NA,NA,NA,NA,NA,"TL","non-linear regression",751,0,"within ellipse",-0.32449,"using LWR of species",3,NA,NA,NA,NA,NA,NA,NA,NA,NA,NA,NA,NA,NA,NA,NA,NA,NA,NA,NA,NA,NA,NA,NA,NA,"Chesapeake Bay",1955,NA,"year class","840","open waters",15,NA,37814,NA,NA,NA,3,1991-09-14,3,2013-02-13,NA,NA,NA
"Brevoortia tyrannus",1592,3030,1785,233,312,"unsexed",NA,843,30.9,NA,NA,NA,NA,NA,NA,NA,30.9,0.511,NA,NA,NA,NA,NA,NA,NA,NA,NA,NA,"TL","non-linear regression",997,0,"within ellipse",-0.1957,"using LWR of species",3,NA,NA,NA,NA,NA,NA,NA,NA,NA,NA,NA,NA,NA,NA,NA,NA,NA,NA,NA,NA,NA,NA,NA,NA,"Chesapeake Bay",1962,NA,"year class","840","open waters",15,NA,37814,NA,NA,NA,3,1991-09-14,3,2013-02-13,NA,NA,NA
"Brevoortia tyrannus",1592,3031,1785,233,312,"unsexed",NA,843,31.7,NA,NA,NA,NA,NA,NA,NA,31.7,0.533,NA,NA,NA,NA,NA,NA,NA,NA,NA,NA,"TL","non-linear regression",1080,0,"within ellipse",-0.18205,"using LWR of species",3,NA,NA,NA,NA,NA,NA,NA,NA,NA,NA,NA,NA,NA,NA,NA,NA,NA,NA,NA,NA,NA,NA,NA,NA,"Chesapeake Bay",1963,NA,"year class","840","open waters",15,NA,37814,NA,NA,NA,3,1991-09-14,3,2013-02-13,NA,NA,NA
"Brevoortia tyrannus",1592,3032,1785,233,312,"unsexed",NA,843,33.8,NA,NA,NA,NA,NA,NA,NA,33.8,0.432,NA,NA,NA,NA,NA,NA,NA,NA,NA,NA,"TL","non-linear regression",1330,0,"within ellipse",-0.23841,"using LWR of species",3,NA,NA,NA,NA,NA,NA,NA,NA,NA,NA,NA,NA,NA,NA,NA,NA,NA,NA,NA,NA,NA,NA,NA,NA,"Chesapeake Bay",1960,NA,"year class","840","open waters",15,NA,37814,NA,NA,NA,3,1991-09-14,3,2013-02-13,NA,NA,NA
"Brevoortia tyrannus",1592,3033,1785,233,312,"unsexed",NA,843,34.1,NA,NA,NA,NA,NA,NA,NA,34.1,0.218,NA,NA,NA,NA,NA,NA,NA,NA,NA,NA,"TL","non-linear regression",1370,0,"within ellipse",-0.4316,"using LWR of species",3,NA,NA,NA,NA,NA,NA,NA,NA,NA,NA,NA,NA,NA,NA,NA,NA,NA,NA,NA,NA,NA,NA,NA,NA,"Chesapeake Bay",1957,NA,"year class","840","open waters",15,NA,37814,NA,NA,NA,3,1991-09-14,3,2013-02-13,NA,NA,NA
"Brevoortia tyrannus",1592,3034,1785,233,312,"unsexed",NA,843,35.1,NA,NA,NA,NA,NA,NA,NA,35.1,0.37,NA,NA,NA,NA,NA,NA,NA,NA,NA,NA,"TL","non-linear regression",1500,0,"within ellipse",-0.27943,"using LWR of species",3,NA,NA,NA,NA,NA,NA,NA,NA,NA,NA,NA,NA,NA,NA,NA,NA,NA,NA,NA,NA,NA,NA,NA,NA,"Middle Atlantic",1951,NA,"year class","840","open waters",15,NA,37814,NA,NA,NA,3,1991-09-14,3,2013-02-13,NA,NA,NA
"Brevoortia tyrannus",1592,3035,1785,233,312,"unsexed",NA,843,35.1,NA,NA,NA,NA,NA,NA,NA,35.1,0.434,NA,NA,NA,NA,NA,NA,NA,NA,NA,NA,"TL","non-linear regression",1500,0,"within ellipse",-0.23459,"using LWR of species",3,NA,NA,NA,NA,NA,NA,NA,NA,NA,NA,NA,NA,NA,NA,NA,NA,NA,NA,NA,NA,NA,NA,NA,NA,"Chesapeake Bay",1961,NA,"year class","840","open waters",15,NA,37814,NA,NA,NA,3,1991-09-14,3,2013-02-13,NA,NA,NA
"Brevoortia tyrannus",1592,3036,1785,233,312,"unsexed",NA,843,35.1,NA,NA,NA,NA,NA,NA,NA,35.1,0.549,NA,NA,NA,NA,NA,NA,NA,NA,NA,NA,"TL","non-linear regression",1500,0,"within ellipse",-0.16853,"using LWR of species",3,NA,NA,NA,NA,NA,NA,NA,NA,NA,NA,NA,NA,NA,NA,NA,NA,NA,NA,NA,NA,NA,NA,NA,NA,"North Atlantic",1955,NA,"year class","840","open waters",15,NA,37814,NA,NA,NA,3,1991-09-14,3,2013-02-13,NA,NA,NA
"Brevoortia tyrannus",1592,3037,1785,233,312,"unsexed",NA,843,35.7,NA,NA,NA,NA,NA,NA,NA,35.7,0.586,NA,NA,NA,NA,NA,NA,NA,NA,NA,NA,"TL","non-linear regression",1590,0,"within ellipse",-0.14949,"using LWR of species",3,NA,NA,NA,NA,NA,NA,NA,NA,NA,NA,NA,NA,NA,NA,NA,NA,NA,NA,NA,NA,NA,NA,NA,NA,"North Atlantic",1962,NA,"year class","840","open waters",15,NA,37814,NA,NA,NA,3,1991-09-14,3,2013-02-13,NA,NA,NA
"Brevoortia tyrannus",1592,3038,1785,233,312,"unsexed",NA,843,35.8,NA,NA,NA,NA,NA,NA,NA,35.8,0.37,NA,NA,NA,NA,NA,NA,NA,NA,NA,NA,"TL","non-linear regression",1600,0,"within ellipse",-0.27788,"using LWR of species",3,NA,NA,NA,NA,NA,NA,NA,NA,NA,NA,NA,NA,NA,NA,NA,NA,NA,NA,NA,NA,NA,NA,NA,NA,"Middle Atlantic",1959,NA,"year class","840","open waters",15,NA,37814,NA,NA,NA,3,1991-09-14,3,2013-02-13,NA,NA,NA
"Brevoortia tyrannus",1592,3039,1785,140,312,"unsexed",NA,843,36.4,NA,NA,NA,NA,NA,NA,NA,36.4,0.561,NA,NA,NA,NA,NA,NA,NA,NA,NA,NA,"TL","non-linear regression",1690,0,"within ellipse",-0.16081,"using LWR of species",3,NA,NA,NA,NA,NA,NA,NA,NA,NA,NA,NA,NA,NA,NA,NA,NA,NA,NA,NA,NA,NA,NA,NA,NA,"North Carolina Fall Fishery",1953,NA,"year class","840","open waters",24,NA,37814,NA,NA,NA,3,1991-09-14,3,2013-02-13,NA,NA,NA
"Brevoortia tyrannus",1592,3040,1785,140,312,"unsexed",NA,843,36.6,NA,NA,NA,NA,NA,NA,NA,36.6,0.48,NA,NA,NA,NA,NA,NA,NA,NA,NA,NA,"TL","non-linear regression",1720,0,"within ellipse",-0.20388,"using LWR of species",3,NA,NA,NA,NA,NA,NA,NA,NA,NA,NA,NA,NA,NA,NA,NA,NA,NA,NA,NA,NA,NA,NA,NA,NA,"North Carolina Fall Fishery",1958,NA,"year class","840","open waters",24,NA,37814,NA,NA,NA,3,1991-09-14,3,2013-02-13,NA,NA,NA
"Brevoortia tyrannus",1592,3041,1785,140,312,"unsexed",NA,843,36.6,NA,NA,NA,NA,NA,NA,NA,36.6,0.545,NA,NA,NA,NA,NA,NA,NA,NA,NA,NA,"TL","non-linear regression",1720,0,"within ellipse",-0.1686,"using LWR of species",3,NA,NA,NA,NA,NA,NA,NA,NA,NA,NA,NA,NA,NA,NA,NA,NA,NA,NA,NA,NA,NA,NA,NA,NA,"North Carolina Fall Fishery",1955,NA,"year class","840","open waters",24,NA,37814,NA,NA,NA,3,1991-09-14,3,2013-02-13,NA,NA,NA
"Brevoortia tyrannus",1592,3042,1785,233,312,"unsexed",NA,843,36.8,NA,NA,NA,NA,NA,NA,NA,36.8,0.238,NA,NA,NA,NA,NA,NA,NA,NA,NA,NA,"TL","non-linear regression",1750,0,"within ellipse",-0.39814,"using LWR of species",3,NA,NA,NA,NA,NA,NA,NA,NA,NA,NA,NA,NA,NA,NA,NA,NA,NA,NA,NA,NA,NA,NA,NA,NA,"Chesapeake Bay",1959,NA,"year class","840","open waters",15,NA,37814,NA,NA,NA,3,1991-09-14,3,2013-02-13,NA,NA,NA
"Brevoortia tyrannus",1592,3043,1785,140,312,"unsexed",NA,843,36.8,NA,NA,NA,NA,NA,NA,NA,36.8,0.576,NA,NA,NA,NA,NA,NA,NA,NA,NA,NA,"TL","non-linear regression",1750,0,"within ellipse",-0.153,"using LWR of species",3,NA,NA,NA,NA,NA,NA,NA,NA,NA,NA,NA,NA,NA,NA,NA,NA,NA,NA,NA,NA,NA,NA,NA,NA,"North Carolina Fall Fishery",1954,NA,"year class","840","open waters",24,NA,37814,NA,NA,NA,3,1991-09-14,3,2013-02-13,NA,NA,NA
"Brevoortia tyrannus",1592,3044,1785,140,312,"unsexed",NA,843,36.9,NA,NA,NA,NA,NA,NA,NA,36.9,0.442,NA,NA,NA,NA,NA,NA,NA,NA,NA,NA,"TL","non-linear regression",1760,0,"within ellipse",-0.22627,"using LWR of species",3,NA,NA,NA,NA,NA,NA,NA,NA,NA,NA,NA,NA,NA,NA,NA,NA,NA,NA,NA,NA,NA,NA,NA,NA,"North Carolina Fall Fishery",1956,NA,"year class","840","open waters",24,NA,37814,NA,NA,NA,3,1991-09-14,3,2013-02-13,NA,NA,NA
"Brevoortia tyrannus",1592,3045,1785,140,312,"unsexed",NA,843,36.9,NA,NA,NA,NA,NA,NA,NA,36.9,0.455,NA,NA,NA,NA,NA,NA,NA,NA,NA,NA,"TL","non-linear regression",1760,0,"within ellipse",-0.21824,"using LWR of species",3,NA,NA,NA,NA,NA,NA,NA,NA,NA,NA,NA,NA,NA,NA,NA,NA,NA,NA,NA,NA,NA,NA,NA,NA,"North Carolina Fall Fishery",1962,NA,"year class","840","open waters",24,NA,37814,NA,NA,NA,3,1991-09-14,3,2013-02-13,NA,NA,NA
"Brevoortia tyrannus",1592,3046,1785,140,312,"unsexed",NA,843,37.1,NA,NA,NA,NA,NA,NA,NA,37.1,0.353,NA,NA,NA,NA,NA,NA,NA,NA,NA,NA,"TL","non-linear regression",1790,0,"within ellipse",-0.28816,"using LWR of species",3,NA,NA,NA,NA,NA,NA,NA,NA,NA,NA,NA,NA,NA,NA,NA,NA,NA,NA,NA,NA,NA,NA,NA,NA,"North Carolina Fall Fishery",1951,NA,"year class","840","open waters",24,NA,37814,NA,NA,NA,3,1991-09-14,3,2013-02-13,NA,NA,NA
"Brevoortia tyrannus",1592,3047,1785,140,312,"unsexed",NA,843,37.5,NA,NA,NA,NA,NA,NA,NA,37.5,0.441,NA,NA,NA,NA,NA,NA,NA,NA,NA,NA,"TL","non-linear regression",1860,0,"within ellipse",-0.22589,"using LWR of species",3,NA,NA,NA,NA,NA,NA,NA,NA,NA,NA,NA,NA,NA,NA,NA,NA,NA,NA,NA,NA,NA,NA,NA,NA,"North Carolina Fall Fishery",1965,NA,"year class","840","open waters",24,NA,37814,NA,NA,NA,3,1991-09-14,3,2013-02-13,NA,NA,NA
"Brevoortia tyrannus",1592,3048,1785,233,312,"unsexed",NA,843,37.6,NA,NA,NA,NA,NA,NA,NA,37.6,0.29,NA,NA,NA,NA,NA,NA,NA,NA,NA,NA,"TL","non-linear regression",1870,0,"within ellipse",-0.34129,"using LWR of species",3,NA,NA,NA,NA,NA,NA,NA,NA,NA,NA,NA,NA,NA,NA,NA,NA,NA,NA,NA,NA,NA,NA,NA,NA,"North Atlantic",1953,NA,"year class","840","open waters",15,NA,37814,NA,NA,NA,3,1991-09-14,3,2013-02-13,NA,NA,NA
"Brevoortia tyrannus",1592,3049,1785,140,312,"unsexed",NA,843,38.4,NA,NA,NA,NA,NA,NA,NA,38.4,0.388,NA,NA,NA,NA,NA,NA,NA,NA,NA,NA,"TL","non-linear regression",2000,0,"within ellipse",-0.25952,"using LWR of species",3,NA,NA,NA,NA,NA,NA,NA,NA,NA,NA,NA,NA,NA,NA,NA,NA,NA,NA,NA,NA,NA,NA,NA,NA,"North Carolina Fall Fishery",1964,NA,"year class","840","open waters",24,NA,37814,NA,NA,NA,3,1991-09-14,3,2013-02-13,NA,NA,NA
"Brevoortia tyrannus",1592,3050,1785,140,312,"unsexed",NA,843,38.8,NA,NA,NA,NA,NA,NA,NA,38.8,0.409,NA,NA,NA,NA,NA,NA,NA,NA,NA,NA,"TL","non-linear regression",2070,0,"within ellipse",-0.24438,"using LWR of species",3,NA,NA,NA,NA,NA,NA,NA,NA,NA,NA,NA,NA,NA,NA,NA,NA,NA,NA,NA,NA,NA,NA,NA,NA,"North Carolina Fall Fishery",1961,NA,"year class","840","open waters",24,NA,37814,NA,NA,NA,3,1991-09-14,3,2013-02-13,NA,NA,NA
"Brevoortia tyrannus",1592,3051,1785,233,312,"unsexed",NA,844,39,NA,NA,NA,NA,NA,NA,NA,39,0.542,NA,NA,NA,NA,NA,NA,NA,NA,NA,NA,"TL","non-linear regression",2110,0,"within ellipse",-0.16718,"using LWR of species",3,NA,NA,NA,NA,NA,NA,NA,NA,NA,NA,NA,NA,NA,NA,NA,NA,NA,NA,NA,NA,NA,NA,NA,NA,"North Atlantic Catch",1955,1956,"sampling year","840","open waters",15,NA,37814,NA,NA,NA,3,1991-09-14,3,2013-02-13,NA,NA,NA
"Brevoortia tyrannus",1592,3052,1785,233,312,"unsexed",NA,843,39.6,NA,NA,NA,NA,NA,NA,NA,39.6,0.343,NA,NA,NA,NA,NA,NA,NA,NA,NA,NA,"TL","non-linear regression",2210,0,"within ellipse",-0.29086,"using LWR of species",3,NA,NA,NA,NA,NA,NA,NA,NA,NA,NA,NA,NA,NA,NA,NA,NA,NA,NA,NA,NA,NA,NA,NA,NA,"Middle Atlantic",1964,NA,"year class","840","open waters",15,NA,37814,NA,NA,NA,3,1991-09-14,3,2013-02-13,NA,NA,NA
"Brevoortia tyrannus",1592,3053,1785,233,312,"unsexed",NA,843,39.9,NA,NA,NA,NA,NA,NA,NA,39.9,0.231,NA,NA,NA,NA,NA,NA,NA,NA,NA,NA,"TL","non-linear regression",2270,0,"within ellipse",-0.3975,"using LWR of species",3,NA,NA,NA,NA,NA,NA,NA,NA,NA,NA,NA,NA,NA,NA,NA,NA,NA,NA,NA,NA,NA,NA,NA,NA,"North Atlantic",1956,NA,"year class","840","open waters",15,NA,37814,NA,NA,NA,3,1991-09-14,3,2013-02-13,NA,NA,NA
"Brevoortia tyrannus",1592,3054,1785,140,312,"unsexed",NA,843,40.2,NA,NA,NA,NA,NA,NA,NA,40.2,0.307,NA,NA,NA,NA,NA,NA,NA,NA,NA,NA,"TL","non-linear regression",2320,0,"within ellipse",-0.31969,"using LWR of species",3,NA,NA,NA,NA,NA,NA,NA,NA,NA,NA,NA,NA,NA,NA,NA,NA,NA,NA,NA,NA,NA,NA,NA,NA,"North Carolina Fall Fishery",1963,NA,"year class","840","open waters",24,NA,37814,NA,NA,NA,3,1991-09-14,3,2013-02-13,NA,NA,NA
"Brevoortia tyrannus",1592,3055,1785,233,312,"unsexed",NA,843,40.5,NA,NA,NA,NA,NA,NA,NA,40.5,0.26,NA,NA,NA,NA,NA,NA,NA,NA,NA,NA,"TL","non-linear regression",2380,0,"within ellipse",-0.36395,"using LWR of species",3,NA,NA,NA,NA,NA,NA,NA,NA,NA,NA,NA,NA,NA,NA,NA,NA,NA,NA,NA,NA,NA,NA,NA,NA,"Middle Atlantic",1956,NA,"year class","840","open waters",15,NA,37814,NA,NA,NA,3,1991-09-14,3,2013-02-13,NA,NA,NA
"Brevoortia tyrannus",1592,3056,1785,233,312,"unsexed",NA,843,41,NA,NA,NA,NA,NA,NA,NA,41,0.168,NA,NA,NA,NA,NA,NA,NA,NA,NA,NA,"TL","non-linear regression",2470,0,"within ellipse",-0.48034,"using LWR of species",3,NA,NA,NA,NA,NA,NA,NA,NA,NA,NA,NA,NA,NA,NA,NA,NA,NA,NA,NA,NA,NA,NA,NA,NA,"North Atlantic",1951,NA,"year class","840","open waters",15,NA,37814,NA,NA,NA,3,1991-09-14,3,2013-02-13,NA,NA,NA
"Brevoortia tyrannus",1592,3057,1785,140,312,"unsexed",NA,843,41.8,NA,NA,NA,NA,NA,NA,NA,41.8,0.218,NA,NA,NA,NA,NA,NA,NA,NA,NA,NA,"TL","non-linear regression",2630,0,"within ellipse",-0.40806,"using LWR of species",3,NA,NA,NA,NA,NA,NA,NA,NA,NA,NA,NA,NA,NA,NA,NA,NA,NA,NA,NA,NA,NA,NA,NA,NA,"North Carolina Fall Fishery",1952,NA,"year class","840","open waters",24,NA,37814,NA,NA,NA,3,1991-09-14,3,2013-02-13,NA,NA,NA
"Brevoortia tyrannus",1592,3058,1785,233,312,"unsexed",NA,843,42.8,NA,NA,NA,NA,NA,NA,NA,42.8,0.282,NA,NA,NA,NA,NA,NA,NA,NA,NA,NA,"TL","non-linear regression",2840,0,"within ellipse",-0.33697,"using LWR of species",3,NA,NA,NA,NA,NA,NA,NA,NA,NA,NA,NA,NA,NA,NA,NA,NA,NA,NA,NA,NA,NA,NA,NA,NA,"Middle Atlantic",1963,NA,"year class","840","open waters",15,NA,37814,NA,NA,NA,3,1991-09-14,3,2013-02-13,NA,NA,NA
"Brevoortia tyrannus",1592,3059,1785,233,312,"unsexed",NA,843,44,NA,NA,NA,NA,NA,NA,NA,44,0.209,NA,NA,NA,NA,NA,NA,NA,NA,NA,NA,"TL","non-linear regression",3110,0,"within ellipse",-0.41367,"using LWR of species",3,NA,NA,NA,NA,NA,NA,NA,NA,NA,NA,NA,NA,NA,NA,NA,NA,NA,NA,NA,NA,NA,NA,NA,NA,"Middle Atlantic",1958,NA,"year class","840","open waters",15,NA,37814,NA,NA,NA,3,1991-09-14,3,2013-02-13,NA,NA,NA
"Brevoortia tyrannus",1592,3060,1785,233,312,"unsexed",NA,843,45.8,NA,NA,NA,NA,NA,NA,NA,45.8,0.119,NA,NA,NA,NA,NA,NA,NA,NA,NA,NA,"TL","non-linear regression",3530,0,"within ellipse",-0.55661,"using LWR of species",3,NA,NA,NA,NA,NA,NA,NA,NA,NA,NA,NA,NA,NA,NA,NA,NA,NA,NA,NA,NA,NA,NA,NA,NA,"North Atlantic",1952,NA,"year class","840","open waters",15,NA,37814,NA,NA,NA,3,1991-09-14,3,2013-02-13,NA,NA,NA
"Brevoortia tyrannus",1592,3061,1785,140,312,"unsexed","scale annual rings",845,47.6,NA,NA,NA,NA,NA,NA,NA,47.6,0.289,NA,NA,NA,NA,NA,NA,NA,NA,NA,NA,"TL","non-linear regression",4000,0,"within ellipse",-0.32135,"using LWR of species",3,NA,NA,NA,NA,NA,NA,NA,NA,NA,NA,NA,NA,NA,NA,NA,NA,NA,NA,NA,NA,NA,NA,NA,NA,"Beaufort, North Carolina",1952,NA,"publication year","840","open waters",24,NA,37814,NA,NA,NA,3,1991-09-14,3,2013-02-13,NA,NA,NA
"Brevoortia tyrannus",1592,3062,1785,140,844,"female",NA,NA,36.9,NA,NA,NA,NA,NA,NA,NA,36.9,0.478,NA,NA,NA,NA,NA,NA,NA,NA,NA,NA,"TL",NA,1760,0,"within ellipse",-0.20457,"using LWR of species",3,NA,NA,NA,NA,NA,NA,NA,NA,NA,NA,NA,NA,NA,NA,NA,NA,NA,NA,NA,NA,NA,NA,NA,NA,"North Carolina",1959,1962,"sampling year","840","open waters",24,NA,37814,NA,NA,NA,3,1991-09-14,3,2013-02-13,NA,NA,NA
"Brevoortia tyrannus",1592,3063,1785,140,844,"male",NA,NA,35.5,NA,NA,NA,NA,NA,NA,NA,35.5,0.475,NA,NA,NA,NA,NA,NA,NA,NA,NA,NA,"TL",NA,1560,0,"within ellipse",-0.20855,"using LWR of species",3,NA,NA,NA,NA,NA,NA,NA,NA,NA,NA,NA,NA,NA,NA,NA,NA,NA,NA,NA,NA,NA,NA,NA,NA,"North Carolina",1959,1962,"sampling year","840","open waters",24,NA,37814,NA,NA,NA,3,1991-09-14,3,2013-02-13,NA,NA,NA
"Brevoortia tyrannus",1592,3064,1785,140,1139,"unsexed",NA,843,20.6,NA,NA,NA,NA,NA,NA,NA,20.6,0.741,NA,NA,NA,NA,NA,NA,NA,NA,NA,NA,"TL","non-linear regression",141,-1,"doubtful",-0.09908,"as given in Ref",3,NA,NA,NA,NA,1,NA,NA,1139,NA,NA,NA,NA,NA,NA,NA,NA,NA,NA,NA,NA,NA,NA,NA,NA,"South Atlantic",1960,NA,"year class","840","open waters",23,NA,NA,NA,"M estimated from data in Ref. 843","(include)",3,1991-09-14,3,2013-02-13,NA,NA,NA
"Brevoortia tyrannus",1592,3065,1785,233,1139,"unsexed",NA,843,37.7,NA,NA,NA,NA,NA,NA,NA,37.7,0.242,NA,NA,NA,NA,NA,NA,NA,NA,NA,NA,"TL","non-linear regression",863,0,"within ellipse",-0.3909,"as given in Ref",3,NA,NA,NA,NA,0.5,NA,NA,1139,NA,NA,NA,NA,NA,NA,NA,NA,NA,NA,NA,NA,NA,NA,NA,NA,"North Atlantic",1954,NA,"year class","840","open waters",13,NA,NA,NA,"M estimated from data in Ref. 843","(include)",3,1991-09-14,3,2013-02-13,NA,NA,NA
"Brevoortia tyrannus",1592,9886,1785,8,79880,"mixed",NA,NA,40,NA,NA,NA,NA,NA,NA,NA,40,0.39,NA,NA,NA,NA,NA,NA,NA,NA,NA,NA,"TL",NA,925.52002,0,"unchecked",NA,"computed from TL Loo using Bayesian LWR",NA,NA,NA,NA,NA,0.37,NA,NA,79897,NA,NA,NA,NA,NA,NA,NA,NA,NA,NA,NA,NA,NA,NA,NA,NA,"Atlantic",1955,1969,"sampling year",NA,"open waters",NA,NA,NA,NA,NA,NA,3,2009-01-21,65,2020-06-11,NA,NA,NA
"Cynoscion nebulosus",405,1611,419,144,312,"female",NA,1185,60.4,NA,NA,NA,NA,NA,NA,NA,60.4,0.223,NA,NA,NA,NA,NA,-0.28,NA,NA,NA,NA,"TL","non-linear regression",2886.57031,0,"within ellipse",-0.36591,"using LWR of species",3,NA,NA,NA,NA,NA,NA,NA,NA,NA,NA,NA,NA,NA,NA,NA,NA,NA,NA,NA,NA,NA,NA,NA,NA,"Cedar Keys, Florida",1961,NA,"publication year","840","open waters",25,NA,2011,NA,NA,NA,3,1991-09-14,3,2013-02-13,NA,NA,NA
"Cynoscion nebulosus",405,1612,419,144,312,"female",NA,1185,70.1,NA,NA,NA,NA,NA,NA,NA,70.1,0.169,NA,NA,NA,NA,NA,-0.44,NA,NA,NA,NA,"TL","non-linear regression",4512.58398,0,"within ellipse",-0.41833,"using LWR of species",3,NA,NA,NA,NA,NA,NA,NA,NA,NA,NA,NA,NA,NA,NA,NA,NA,NA,NA,NA,NA,NA,NA,NA,NA,"Fort Myers, Florida",1961,NA,"publication year","840","open waters",25,NA,2011,NA,NA,NA,3,1991-09-14,3,2013-02-13,NA,NA,NA
"Cynoscion nebulosus",405,1613,419,144,312,"female",NA,1182,70.6,NA,NA,NA,NA,NA,NA,NA,70.6,0.174,NA,NA,NA,NA,NA,NA,NA,NA,NA,NA,"TL","non-linear regression",4609.83496,0,"within ellipse",-0.41078,"using LWR of species",3,NA,NA,NA,NA,0.25,"from tmax & Hoenig's model",NA,12193,NA,NA,NA,NA,NA,NA,NA,NA,NA,NA,NA,NA,NA,NA,NA,NA,"North West Florida",1959,NA,"publication year","840","open waters",25,NA,2011,NA,"Do not use M value for new model to predict M.",NA,3,1991-09-14,3,2013-02-13,NA,NA,NA
"Cynoscion nebulosus",405,1614,419,144,312,"female",NA,1186,79.4,NA,NA,NA,NA,NA,NA,NA,79.4,0.147,NA,NA,NA,NA,NA,-0.47,NA,NA,NA,NA,"TL","non-linear regression",6557.41748,0,"within ellipse",-0.4383,"using LWR of species",3,NA,NA,NA,NA,NA,NA,NA,NA,NA,NA,NA,NA,NA,NA,NA,NA,NA,NA,NA,NA,NA,NA,NA,NA,"Indian River, Florida",1961,NA,"publication year","840","open waters",25,NA,2011,NA,NA,NA,3,1991-09-14,3,2013-02-13,NA,NA,NA
"Cynoscion nebulosus",405,1615,419,144,312,"male",NA,1182,57,NA,NA,NA,NA,NA,NA,NA,57,0.222,NA,NA,NA,NA,NA,NA,NA,NA,NA,NA,"TL","non-linear regression",2426.02832,0,"within ellipse",-0.37226,"using LWR of species",3,NA,NA,NA,NA,NA,NA,NA,NA,NA,NA,NA,NA,NA,NA,NA,NA,NA,NA,NA,NA,NA,NA,NA,NA,"North West Florida",1959,NA,"publication year","840","open waters",25,NA,2011,NA,NA,NA,3,1991-09-14,3,2013-02-13,NA,NA,NA
"Cynoscion nebulosus",405,1616,419,144,312,"male",NA,1185,60.6,NA,NA,NA,NA,NA,NA,NA,60.6,0.274,NA,NA,NA,NA,NA,-0.02,NA,NA,NA,NA,"TL","non-linear regression",2915.3396,0,"within ellipse",-0.31543,"using LWR of species",3,NA,NA,NA,NA,NA,NA,NA,NA,NA,NA,NA,NA,NA,NA,NA,NA,NA,NA,NA,NA,NA,NA,NA,NA,"Cedar Keys, Florida",1961,NA,"publication year","840","open waters",25,NA,2011,NA,NA,NA,3,1991-09-14,3,2013-02-13,NA,NA,NA
"Cynoscion nebulosus",405,1617,419,144,312,"male",NA,1186,63.8,NA,NA,NA,NA,NA,NA,NA,63.8,0.19,NA,NA,NA,NA,NA,-0.34,NA,NA,NA,NA,"TL","non-linear regression",3401.99219,0,"within ellipse",-0.39962,"using LWR of species",3,NA,NA,NA,NA,NA,NA,NA,NA,NA,NA,NA,NA,NA,NA,NA,NA,NA,NA,NA,NA,NA,NA,NA,NA,"Indian River, Florida",1961,NA,"publication year","840","open waters",25,NA,2011,NA,NA,NA,3,1991-09-14,3,2013-02-13,NA,NA,NA
"Cynoscion nebulosus",405,1618,419,144,312,"unsexed",NA,1183,55.8,NA,NA,NA,NA,NA,NA,NA,55.8,0.361,NA,NA,NA,NA,NA,NA,NA,NA,NA,NA,"TL","non-linear regression",2276.00854,0,"within ellipse",-0.25334,"using LWR of species",3,NA,NA,NA,NA,NA,NA,NA,NA,NA,NA,NA,NA,NA,NA,NA,NA,NA,NA,NA,NA,NA,NA,NA,NA,"Punta Gorda, Florida, 10 m",1924,NA,"publication year","840","open waters",25,NA,2011,NA,NA,NA,3,1991-09-14,3,2013-02-13,NA,NA,NA
"Cynoscion nebulosus",405,1619,419,144,312,"unsexed",NA,1184,85.5,NA,NA,NA,NA,NA,NA,NA,85.5,0.134,NA,NA,NA,NA,NA,-0.74,NA,NA,NA,NA,"TL","non-linear regression",8187.8457,0,"within ellipse",-0.45182,"using LWR of species",3,NA,18,NA,NA,NA,NA,NA,NA,NA,NA,NA,NA,NA,NA,NA,NA,NA,NA,NA,NA,NA,NA,NA,NA,"Corpus Christi, Texas",1929,NA,"publication year","840","open waters",26,NA,37814,NA,NA,NA,3,1991-09-14,3,2013-02-13,NA,NA,NA
"Cynoscion nebulosus",405,7733,419,145,5733,"unsexed",NA,52165,77,NA,NA,NA,NA,NA,NA,NA,77,0.19,NA,NA,NA,NA,NA,NA,NA,NA,NA,NA,"TL",NA,4131.11182,0,"unchecked",NA,"computed from TL Loo using Bayesian LWR",NA,NA,NA,NA,NA,NA,NA,NA,NA,NA,NA,NA,NA,NA,NA,NA,NA,NA,NA,NA,NA,NA,NA,NA,NA,"Holbox, Quintana Roo",1990,NA,"publication year","484","open waters",NA,NA,NA,NA,"Length presumably TL.",NA,3,2004-09-18,65,2020-06-11,NA,NA,NA
"Cynoscion nebulosus",405,1620,419,144,5760,"female",NA,5836,75.3,NA,NA,NA,NA,NA,NA,NA,75.3,0.26,NA,NA,NA,NA,NA,NA,NA,NA,NA,NA,"NG",NA,5593.14746,0,"within ellipse",-0.31172,"using LWR of species",3,NA,NA,NA,NA,NA,NA,NA,NA,NA,NA,NA,NA,NA,NA,NA,NA,NA,NA,NA,NA,NA,NA,NA,NA,"Galveston Bay, Texas",1987,NA,"publication year","840","open waters",26,NA,37814,NA,NA,NA,3,1993-07-26,3,2013-02-13,NA,NA,NA
"Cynoscion nebulosus",405,1621,419,144,5760,"male",NA,5836,56.8,NA,NA,NA,NA,NA,NA,NA,56.8,0.32,NA,NA,NA,NA,NA,NA,NA,NA,NA,NA,"NG",NA,2400.58057,0,"within ellipse",-0.28207,"using LWR of species",3,NA,NA,NA,NA,NA,NA,NA,NA,NA,NA,NA,NA,NA,NA,NA,NA,NA,NA,NA,NA,NA,NA,NA,NA,"Galveston Bay, Texas",1987,NA,"publication year","840","open waters",26,NA,37814,NA,NA,NA,3,1993-07-26,3,2013-02-13,NA,NA,NA
"Cynoscion nebulosus",405,1622,419,144,12345,"unsexed","tagging/recapture",NA,83.6,NA,NA,NA,NA,NA,NA,NA,83.6,0.164,NA,NA,NA,NA,NA,NA,NA,NA,NA,NA,"TL","other method(s)/n.a.",7654.02881,0,"within ellipse",-0.40847,"using LWR of species",3,NA,NA,NA,NA,NA,NA,NA,NA,NA,NA,NA,NA,NA,NA,NA,NA,NA,NA,NA,NA,NA,NA,NA,NA,"Texas bays",1950,1975,"sampling year","840","open waters",26,NA,37814,NA,NA,NA,3,1997-01-23,3,2013-02-13,NA,NA,NA
"Dorosoma cepedianum",1604,3081,1797,NA,312,"unsexed",NA,862,43.6,NA,NA,NA,NA,NA,NA,NA,43.6,0.179,NA,NA,NA,NA,NA,NA,NA,NA,NA,NA,"TL","non-linear regression",879.1012,0,"unchecked",-0.45572,"computed from TL Loo using Bayesian LWR",NA,NA,NA,NA,NA,NA,NA,NA,NA,NA,NA,NA,NA,NA,NA,NA,NA,NA,NA,NA,NA,NA,NA,NA,NA,"ponds, Indiana",1960,NA,"publication year","840","captivity",NA,NA,NA,NA,NA,NA,3,1991-09-14,65,2020-06-11,NA,NA,NA
"Dorosoma cepedianum",1604,8081,1797,NA,3672,"unsexed",NA,NA,43.7,NA,NA,NA,NA,NA,NA,NA,43.7,0.48,NA,NA,NA,NA,NA,NA,NA,NA,NA,NA,"TL",NA,885.24518,0,"unchecked",NA,"computed from TL Loo using Bayesian LWR",NA,NA,NA,NA,NA,NA,NA,NA,NA,NA,NA,NA,NA,NA,NA,NA,NA,NA,NA,NA,NA,NA,NA,NA,NA,"Iowa and South Dakota",NA,NA,NA,"840","open waters",NA,NA,NA,NA,"Growth estimated from data taken from various sources cited in Ref. 3672.",NA,3,2004-12-12,65,2020-06-11,NA,NA,NA
"Ictalurus furcatus",3019,23521,3215,NA,117863,"mixed","annuli on many otoliths",NA,19,NA,NA,NA,NA,NA,NA,NA,19,0.047,NA,NA,NA,NA,NA,-1.99,NA,NA,NA,NA,"TL",NA,50.0854,-1,"unchecked",NA,"computed from TL Loo using Bayesian LWR",NA,NA,25,117863,NA,NA,NA,NA,NA,NA,NA,NA,NA,NA,NA,NA,NA,NA,NA,NA,NA,NA,NA,NA,NA,"Rappahannock River, Virginia",2002,2016,"sampling year","840","open waters",16.5,NA,117863,NA,"Bayesian approach: L? , k and t0 were bound within the intervals [1,144.8 cm], (0.2/ yr] and [-2.0/yr), respectively.",NA,3,2018-04-25,65,2020-06-11,NA,NA,NA
"Ictalurus furcatus",3019,23519,3215,NA,117863,"mixed","annuli on many otoliths",NA,88,NA,NA,NA,NA,NA,NA,NA,88,0.107,NA,NA,NA,NA,NA,-1.23,NA,NA,NA,NA,"TL","other method(s)/n.a.",5981.16455,0,"unchecked",NA,"computed from TL Loo using Bayesian LWR",NA,NA,22,117863,NA,NA,NA,NA,NA,NA,NA,NA,NA,NA,NA,NA,NA,NA,NA,NA,NA,NA,NA,NA,NA,"Mattaponi River, Virginia",2002,2016,"sampling year","840","open waters",17.1,NA,117863,NA,"Bayesian approach: L? , k and t0 were bound within the intervals [1,144.8 cm], (0.2/ yr] and [-2.0/yr), respectively.",NA,3,2018-04-25,65,2020-06-11,NA,NA,NA
"Ictalurus furcatus",3019,23520,3215,NA,117863,"mixed","annuli on many otoliths",NA,106,NA,NA,NA,NA,NA,NA,NA,106,0.095,NA,NA,NA,NA,NA,-0.83,NA,NA,NA,NA,"TL","other method(s)/n.a.",10689.41895,0,"unchecked",NA,"computed from TL Loo using Bayesian LWR",NA,NA,22,117863,NA,NA,NA,NA,NA,NA,NA,NA,NA,NA,NA,NA,NA,NA,NA,NA,NA,NA,NA,NA,NA,"Pamunkey River, Virginia",2002,2016,"sampling year","840","open waters",17,NA,117863,NA,"Bayesian approach: L? , k and t0 were bound within the intervals [1,144.8 cm], (0.2/ yr] and [-2.0/yr), respectively.",NA,3,2018-04-25,65,2020-06-11,NA,NA,NA
"Ictalurus furcatus",3019,23518,3215,NA,117863,"mixed","annuli on many otoliths",NA,144,NA,NA,NA,NA,NA,NA,NA,144,0.048,NA,NA,NA,NA,NA,-1.75,NA,NA,NA,NA,"TL","other method(s)/n.a.",27802.94336,0,"unchecked",NA,"computed from TL Loo using Bayesian LWR",NA,NA,25,117863,NA,NA,NA,NA,NA,NA,NA,NA,NA,NA,NA,NA,NA,NA,NA,NA,NA,NA,NA,NA,NA,"James River, Virgina",2002,2016,"sampling year","840","open waters",17.3,NA,117863,NA,"Bayesian approach: L? , k and t0 were bound within the intervals [1,144.8 cm], (0.2/ yr] and [-2.0/yr), respectively.",NA,3,2018-04-25,65,2020-06-11,NA,NA,NA
"Ictalurus furcatus",3019,23524,3215,91,117871,"mixed","annuli on many otoliths",NA,124,237,NA,NA,NA,NA,NA,NA,124,0.034,NA,NA,NA,NA,NA,-2.19,NA,NA,NA,NA,"TL",NA,17437.14844,0,"unchecked",NA,"computed from TL Loo using Bayesian LWR",NA,NA,37,117871,NA,NA,NA,NA,NA,NA,NA,NA,NA,NA,NA,NA,NA,NA,NA,NA,NA,NA,NA,NA,NA,"Ft. Loudoun Lake",2015,2016,"sampling year","840","open waters",NA,NA,NA,NA,"No specimens below age 3.",NA,3,2018-04-25,65,2020-06-11,NA,NA,NA
"Ictalurus furcatus",3019,23522,3215,91,117871,"mixed","annuli on many otoliths",NA,130,235,NA,NA,NA,NA,NA,NA,130,0.079,NA,NA,NA,NA,NA,-0.387,NA,NA,NA,NA,"TL",NA,20207.05664,0,"unchecked",NA,"computed from TL Loo using Bayesian LWR",NA,NA,17,117863,NA,NA,NA,NA,NA,NA,NA,NA,NA,NA,NA,NA,NA,NA,NA,NA,NA,NA,NA,NA,NA,"Kentucky Lake",2015,2016,"sampling year","840","open waters",NA,NA,NA,NA,"Due to unreasonable values, L? was fixed at 130.3 cm, a published estimate ( (Holley et al, 2009, cited in Ref 117871) for Wilson Lake on the Tennessee River, Alabama.",NA,3,2018-04-25,65,2020-06-11,NA,NA,NA
"Ictalurus furcatus",3019,23523,3215,91,117871,"mixed","annuli on many otoliths",NA,145,108,NA,NA,NA,NA,NA,NA,145,0.051,NA,NA,NA,NA,NA,-1.405,NA,NA,NA,NA,"TL",NA,28409.78516,0,"unchecked",NA,"computed from TL Loo using Bayesian LWR",NA,NA,18,117871,NA,NA,NA,NA,NA,NA,NA,NA,NA,NA,NA,NA,NA,NA,NA,NA,NA,NA,NA,NA,NA,"Chickamauga Lake",2015,2016,"sampling year","840","open waters",NA,NA,NA,NA,"No specimens below age 2.",NA,3,2018-04-25,65,2020-06-11,NA,NA,NA
"Ictalurus furcatus",3019,24179,3215,NA,120747,"female","length-frequencies",NA,123.42,73,NA,NA,NA,NA,NA,NA,123.42,0.06,NA,NA,NA,NA,NA,-2.054,NA,NA,NA,NA,"TL",NA,17183.9375,0,"unchecked",NA,"computed from TL Loo using Bayesian LWR",NA,NA,NA,NA,NA,NA,NA,NA,NA,NA,NA,NA,NA,NA,NA,NA,NA,NA,NA,NA,NA,NA,NA,NA,NA,"Lake Wilson, Alabama",2004,2007,"sampling year","840","open waters",NA,NA,NA,NA,NA,NA,10,2019-08-05,65,2020-06-11,NA,NA,NA
"Ictalurus furcatus",3019,24178,3215,NA,120747,"male","length-frequencies",NA,136.61,82,NA,NA,NA,NA,NA,NA,136.61,0.083,NA,NA,NA,NA,NA,0.19,NA,NA,NA,NA,"TL","non-linear regression",23588.76367,0,"unchecked",NA,"computed from TL Loo using Bayesian LWR",NA,NA,NA,NA,NA,NA,NA,NA,NA,NA,NA,NA,NA,NA,NA,NA,NA,NA,NA,NA,NA,NA,NA,NA,NA,"Lake Wilson, Alabama",2004,2007,"sampling year","840","open waters",NA,NA,NA,NA,NA,NA,10,2019-08-05,65,2020-06-11,NA,NA,NA
"Ictalurus furcatus",3019,25477,3215,NA,125631,"unsexed","Lmax tmax",117863,139.64999,NA,NA,NA,NA,NA,NA,NA,139.64999,0.11984,NA,NA,0.092,0.184,NA,NA,NA,NA,NA,NA,"TL","Linf=1.05Lmax K=3.0/tmax",NA,0,"unchecked",NA,NA,NA,NA,25,117863,NA,0.168,"4.2/tmax",NA,125632,NA,NA,NA,NA,NA,NA,NA,NA,NA,NA,NA,NA,NA,NA,NA,NA,"Virginia tidal rivers (James, Mattaponi, Pamunkey, and Rappahannock), 2002-2016",NA,NA,NA,"840","open waters",NA,NA,NA,NA,NA,NA,1,2022-01-07,NA,2022-01-07,NA,NA,NA
"Leiostomus xanthurus",429,1651,443,144,312,"unsexed",NA,1167,23.9,NA,NA,NA,NA,NA,NA,NA,23.9,0.89,NA,NA,NA,NA,NA,-0.04,NA,NA,NA,NA,"TL","non-linear regression",151.94328,0,"doubtful",-0.03672,"computed from TL Loo using Bayesian LWR",NA,NA,NA,NA,NA,NA,NA,NA,NA,NA,NA,NA,NA,NA,NA,NA,NA,NA,NA,NA,NA,NA,NA,NA,NA,"Lake Pontchartrain, Louisiana",1960,NA,"publication year","840","open waters",21,NA,37814,NA,NA,NA,3,1991-09-14,65,2020-06-11,NA,NA,NA
"Leiostomus xanthurus",429,1652,443,233,312,"unsexed",NA,1168,24.1,NA,NA,NA,NA,NA,NA,NA,24.1,0.725,NA,NA,NA,NA,NA,-1.13,NA,NA,NA,NA,"TL","non-linear regression",155.88068,0,"unchecked",-0.10106,"computed from TL Loo using Bayesian LWR",NA,NA,NA,NA,NA,1.1,"from tmax & Hoenig's model",NA,12193,NA,NA,NA,NA,NA,NA,NA,NA,NA,NA,NA,NA,NA,NA,NA,NA,"Chesapeake Bay (York River Mouth)",1962,NA,"publication year","840","open waters",12,NA,37814,NA,"Do not use M value for new model to predict M.",NA,3,1991-09-14,65,2020-06-11,NA,NA,NA
"Leiostomus xanthurus",429,1653,443,144,1166,"unsexed",NA,1184,34,NA,NA,NA,NA,NA,NA,NA,34,0.43,NA,NA,NA,NA,NA,NA,NA,NA,NA,NA,"TL","Ford/Walford plot",467,0,"unchecked",-0.23933,"using LWR of species",3.072,NA,4,NA,NA,NA,NA,NA,NA,NA,NA,NA,NA,NA,NA,NA,NA,NA,NA,NA,NA,NA,NA,NA,NA,"Texas",1929,NA,"publication year","840","open waters",21,NA,37814,NA,NA,NA,3,1991-09-14,3,2013-02-13,NA,NA,NA
"Lepomis gibbosus",3372,3688,3568,NA,9401,"unsexed","scale annual rings",NA,22.3,NA,NA,NA,NA,NA,NA,NA,22.3,0.2,NA,NA,NA,NA,NA,0.643,NA,NA,NA,NA,"TL","other method(s)/n.a.",177.72354,0,"doubtful",-0.51841,"computed from TL Loo using Bayesian LWR",NA,NA,NA,NA,NA,0.54,"age-structured catch curve in unexploited population",NA,40666,NA,NA,NA,NA,NA,NA,NA,NA,NA,NA,NA,NA,NA,NA,NA,NA,"Arrocampo Reservoir; M is for Mid Lake, WI, USA",1989,1990,"sampling year","724","open waters",25.5,NA,9401,NA,"Linf is +/- 10.5 and k is +/- 0.017.",NA,3,1995-06-08,65,2020-06-11,NA,NA,NA
"Lepomis gibbosus",3372,24116,3568,NA,56555,"mixed",NA,NA,13.04,NA,NA,NA,NA,NA,NA,NA,16.14,0.24,NA,NA,NA,NA,NA,-0.802,NA,NA,NA,NA,"SL",NA,65.24,-1,"unchecked",NA,"computed from TLinfinity using Bayesian LWR",NA,NA,NA,NA,NA,NA,NA,NA,NA,NA,NA,NA,NA,NA,NA,NA,NA,NA,NA,NA,NA,NA,NA,NA,NA,"Unnamed pond in Michigan",NA,NA,NA,"840",NA,NA,NA,NA,NA,NA,NA,10,2019-07-26,65,2021-06-22,NA,NA,NA
"Lepomis gibbosus",3372,24117,3568,NA,56555,"mixed",NA,NA,14.28,NA,NA,NA,NA,NA,NA,NA,17.68,0.18,NA,NA,NA,NA,NA,-0.612,NA,NA,NA,NA,"SL",NA,86.54,-1,"unchecked",NA,"computed from TLinfinity using Bayesian LWR",NA,NA,NA,NA,NA,NA,NA,NA,NA,NA,NA,NA,NA,NA,NA,NA,NA,NA,NA,NA,NA,NA,NA,NA,NA,"Lower Loch Alpine Lake, Michigan",NA,NA,NA,"840","open waters",NA,NA,NA,NA,NA,NA,10,2019-07-26,65,2021-06-22,NA,NA,NA
"Lepomis gibbosus",3372,24121,3568,NA,56555,"mixed",NA,NA,14.55,NA,NA,NA,NA,NA,NA,NA,18.01,0.21,NA,NA,NA,NA,NA,-0.212,NA,NA,NA,NA,"SL",NA,91.64,-1,"unchecked",NA,"computed from TLinfinity using Bayesian LWR",NA,NA,NA,NA,NA,NA,NA,NA,NA,NA,NA,NA,NA,NA,NA,NA,NA,NA,NA,NA,NA,NA,NA,NA,NA,"Upper Poole Pond, Ontario",NA,NA,NA,"124",NA,NA,NA,NA,NA,NA,NA,10,2019-07-26,65,2021-06-22,NA,NA,NA
"Lepomis gibbosus",3372,24127,3568,NA,56555,"mixed",NA,NA,15.3,NA,NA,NA,NA,NA,NA,NA,18.94,0.16,NA,NA,NA,NA,NA,-0.054,NA,NA,NA,NA,"SL",NA,107.12,-1,"unchecked",NA,"computed from TLinfinity using Bayesian LWR",NA,NA,NA,NA,NA,NA,NA,NA,NA,NA,NA,NA,NA,NA,NA,NA,NA,NA,NA,NA,NA,NA,NA,NA,NA,"Lac Vert, Québec",NA,NA,NA,"124","open waters",NA,NA,NA,NA,NA,NA,10,2019-07-26,65,2021-06-22,NA,NA,NA
"Lepomis gibbosus",3372,24125,3568,NA,56555,"mixed",NA,NA,16.8,NA,NA,NA,NA,NA,NA,NA,20.8,0.17,NA,NA,NA,NA,NA,0.152,NA,NA,NA,NA,"SL",NA,143.22,-1,"unchecked",NA,"computed from TLinfinity using Bayesian LWR",NA,NA,NA,NA,NA,NA,NA,NA,NA,NA,NA,NA,NA,NA,NA,NA,NA,NA,NA,NA,NA,NA,NA,NA,NA,"Crosson Lake, Ontario",NA,NA,NA,"124","open waters",NA,NA,NA,NA,NA,NA,10,2019-07-26,65,2021-06-22,NA,NA,NA
"Lepomis gibbosus",3372,24119,3568,NA,56555,"mixed",NA,NA,17.42,NA,NA,NA,NA,NA,NA,NA,21.57,0.24,NA,NA,NA,NA,NA,0.195,NA,NA,NA,NA,"SL",NA,160.3,-1,"unchecked",NA,"computed from TLinfinity using Bayesian LWR",NA,NA,NA,NA,NA,NA,NA,NA,NA,NA,NA,NA,NA,NA,NA,NA,NA,NA,NA,NA,NA,NA,NA,NA,NA,"Lower Dowsley Pond, Ontario",NA,NA,NA,"124",NA,NA,NA,NA,NA,NA,NA,10,2019-07-26,65,2021-06-22,NA,NA,NA
"Lepomis gibbosus",3372,24128,3568,NA,56555,"mixed",NA,NA,17.55,NA,NA,NA,NA,NA,NA,NA,21.73,0.24,NA,NA,NA,NA,NA,0.386,NA,NA,NA,NA,"SL",NA,164.02,-1,"unchecked",NA,"computed from TLinfinity using Bayesian LWR",NA,NA,NA,NA,NA,NA,NA,NA,NA,NA,NA,NA,NA,NA,NA,NA,NA,NA,NA,NA,NA,NA,NA,NA,NA,"Unspecified pond, New York",NA,NA,NA,"840",NA,NA,NA,NA,NA,NA,NA,10,2019-07-26,65,2021-06-22,NA,NA,NA
"Lepomis gibbosus",3372,24124,3568,NA,56555,"mixed",NA,NA,18,NA,NA,NA,NA,NA,NA,NA,22.29,0.16,NA,NA,NA,NA,NA,0.124,NA,NA,NA,NA,"SL",NA,177.48,-1,"unchecked",NA,"computed from TLinfinity using Bayesian LWR",NA,NA,NA,NA,NA,NA,NA,NA,NA,NA,NA,NA,NA,NA,NA,NA,NA,NA,NA,NA,NA,NA,NA,NA,NA,"Plastic Lake, Ontario",NA,NA,NA,"124","open waters",NA,NA,NA,NA,NA,NA,10,2019-07-26,65,2021-06-22,NA,NA,NA
"Lepomis gibbosus",3372,24120,3568,NA,56555,"mixed",NA,NA,18.45,NA,NA,NA,NA,NA,NA,NA,22.84,0.14,NA,NA,NA,NA,NA,-0.647,NA,NA,NA,NA,"SL",NA,191.41,-1,"unchecked",NA,"computed from TLinfinity using Bayesian LWR",NA,NA,NA,NA,NA,NA,NA,NA,NA,NA,NA,NA,NA,NA,NA,NA,NA,NA,NA,NA,NA,NA,NA,NA,NA,"Lake Opinicon, Ontario",NA,NA,NA,"124","open waters",NA,NA,NA,NA,NA,NA,10,2019-07-26,65,2021-06-22,NA,NA,NA
"Lepomis gibbosus",3372,24118,3568,NA,56555,"mixed",NA,NA,19.07,NA,NA,NA,NA,NA,NA,NA,23.61,0.17,NA,NA,NA,NA,NA,0.048,NA,NA,NA,NA,"SL",NA,212.13,-1,"unchecked",NA,"computed from TLinfinity using Bayesian LWR",NA,NA,NA,NA,NA,NA,NA,NA,NA,NA,NA,NA,NA,NA,NA,NA,NA,NA,NA,NA,NA,NA,NA,NA,NA,"Deep Lake, Michigan",NA,NA,NA,"840","open waters",NA,NA,NA,NA,NA,NA,10,2019-07-26,65,2021-06-22,NA,NA,NA
"Lepomis gibbosus",3372,24123,3568,NA,56555,"mixed",NA,NA,20.55,NA,NA,NA,NA,NA,NA,NA,25.44,0.16,NA,NA,NA,NA,NA,-0.327,NA,NA,NA,NA,"SL",NA,267.35999,0,"unchecked",NA,"computed from TLinfinity using Bayesian LWR",NA,NA,NA,NA,NA,NA,NA,NA,NA,NA,NA,NA,NA,NA,NA,NA,NA,NA,NA,NA,NA,NA,NA,NA,NA,"Flora Lake, Wisconsin",NA,NA,NA,"840","open waters",NA,NA,NA,NA,NA,NA,10,2019-07-26,65,2021-06-22,NA,NA,NA
"Lepomis gibbosus",3372,24126,3568,NA,56555,"mixed",NA,NA,21.9,NA,NA,NA,NA,NA,NA,NA,27.11,0.13,NA,NA,NA,NA,NA,-0.026,NA,NA,NA,NA,"SL",NA,325.60999,0,"unchecked",NA,"computed from TLinfinity using Bayesian LWR",NA,NA,NA,NA,NA,NA,NA,NA,NA,NA,NA,NA,NA,NA,NA,NA,NA,NA,NA,NA,NA,NA,NA,NA,NA,"Upper Beverly Lake, Ontario",NA,NA,NA,"124","open waters",NA,NA,NA,NA,NA,NA,10,2019-07-26,65,2021-06-22,NA,NA,NA
"Lepomis gibbosus",3372,24122,3568,NA,56555,"mixed",NA,NA,25.61,NA,NA,NA,NA,NA,NA,NA,31.71,0.2,NA,NA,NA,NA,NA,0.473,NA,NA,NA,NA,"SL",NA,529.31,0,"unchecked",NA,"computed from TLinfinity using Bayesian LWR",NA,NA,NA,NA,NA,NA,NA,NA,NA,NA,NA,NA,NA,NA,NA,NA,NA,NA,NA,NA,NA,NA,NA,NA,NA,"Houghton Lake, Michigan",NA,NA,NA,"840","open waters",NA,NA,NA,NA,NA,NA,10,2019-07-26,65,2021-06-22,NA,NA,NA
"Lepomis gibbosus",3372,24113,3568,NA,56555,"mixed",NA,NA,28.05,NA,NA,NA,NA,NA,NA,NA,34.73,0.15,NA,NA,NA,NA,NA,0.472,NA,NA,NA,NA,"SL",NA,701.75,0,"unchecked",NA,"computed from TLinfinity using Bayesian LWR",NA,NA,NA,NA,NA,NA,NA,NA,NA,NA,NA,NA,NA,NA,NA,NA,NA,NA,NA,NA,NA,NA,NA,NA,NA,"Unspecified lake (North Carolina)",NA,NA,NA,"840","open waters",NA,NA,NA,NA,NA,NA,10,2019-07-25,65,2021-06-22,NA,NA,NA
"Lepomis gibbosus",3372,25495,3568,NA,125631,"unsexed","Lmax tmax",120610,42,NA,NA,NA,NA,NA,NA,NA,42,0.2996,NA,NA,0.23,0.46,NA,NA,NA,NA,NA,NA,"TL","Linf=1.05Lmax K=3.0/tmax",NA,0,"unchecked",NA,NA,NA,NA,10,120610,NA,0.42,"4.2/tmax",NA,125632,NA,NA,NA,NA,NA,NA,NA,NA,NA,NA,NA,NA,NA,NA,NA,NA,"Ontario",NA,NA,NA,"124","open waters",NA,NA,NA,NA,NA,NA,1,2022-01-07,NA,2022-01-07,NA,NA,NA
"Lepomis macrochirus",3375,3689,3571,NA,1836,"unsexed",NA,1883,15.1,NA,NA,NA,NA,NA,NA,NA,15.1,0.786,NA,NA,NA,NA,NA,NA,NA,NA,NA,NA,"TL","Ford/Walford plot",90,-1,"within ellipse",-0.0887,"as given in Ref",3,NA,NA,NA,NA,NA,NA,NA,NA,NA,NA,NA,NA,NA,NA,NA,NA,NA,NA,NA,NA,NA,NA,NA,NA,"Illinois, Homewood Lake",1950,NA,"publication year","840","open waters",12.3,NA,1873,NA,NA,NA,3,1991-11-19,3,2013-02-13,NA,NA,NA
"Lepomis macrochirus",3375,3690,3571,NA,1836,"unsexed",NA,1883,19.2,NA,NA,NA,NA,NA,NA,NA,19.2,0.34,NA,NA,NA,NA,NA,NA,NA,NA,NA,NA,"TL","Ford/Walford plot",185,-1,"within ellipse",-0.36509,"as given in Ref",3,NA,NA,NA,NA,NA,NA,NA,NA,NA,NA,NA,NA,NA,NA,NA,NA,NA,NA,NA,NA,NA,NA,NA,NA,"Ohio, Kiser Lake",1950,NA,"publication year","840","open waters",11.1,NA,1873,NA,NA,NA,3,1991-11-19,3,2013-02-13,NA,NA,NA
"Lepomis macrochirus",3375,3691,3571,NA,1836,"unsexed",NA,1883,19.5,NA,NA,NA,NA,NA,NA,NA,19.5,0.518,NA,NA,NA,NA,NA,NA,NA,NA,NA,NA,"TL","Ford/Walford plot",194,-1,"within ellipse",-0.22144,"as given in Ref",3,NA,NA,NA,NA,NA,NA,NA,NA,NA,NA,NA,NA,NA,NA,NA,NA,NA,NA,NA,NA,NA,NA,NA,NA,"Indiana, Foots Pond",1950,NA,"publication year","840","captivity",11.4,NA,1873,NA,NA,NA,3,1991-11-19,3,2013-02-13,NA,NA,NA
"Lepomis macrochirus",3375,3692,3571,NA,1836,"unsexed",NA,1883,23.2,NA,NA,NA,NA,NA,NA,NA,23.2,0.338,NA,NA,NA,NA,NA,NA,NA,NA,NA,NA,"TL","Ford/Walford plot",327,0,"within ellipse",-0.34499,"as given in Ref",3,NA,NA,NA,NA,NA,NA,NA,NA,NA,NA,NA,NA,NA,NA,NA,NA,NA,NA,NA,NA,NA,NA,NA,NA,"Indiana, Muskellunge Lake",1950,NA,"publication year","840","open waters",9.7,NA,1873,NA,NA,NA,3,1991-11-19,3,2013-02-13,NA,NA,NA
"Lepomis macrochirus",3375,3693,3571,NA,1836,"unsexed",NA,1883,23.3,NA,NA,NA,NA,NA,NA,NA,23.3,0.475,NA,NA,NA,NA,NA,NA,NA,NA,NA,NA,"TL","Ford/Walford plot",331,0,"within ellipse",-0.23645,"as given in Ref",3,NA,NA,NA,NA,NA,NA,NA,NA,NA,NA,NA,NA,NA,NA,NA,NA,NA,NA,NA,NA,NA,NA,NA,NA,"Illinois, Onized Lake",1950,NA,"publication year","840","open waters",14,NA,1873,NA,NA,NA,3,1991-11-19,3,2013-02-13,NA,NA,NA
"Lepomis macrochirus",3375,3694,3571,NA,1836,"unsexed",NA,1883,23.6,NA,NA,NA,NA,NA,NA,NA,23.6,0.318,NA,NA,NA,NA,NA,NA,NA,NA,NA,NA,"TL","Ford/Walford plot",344,0,"within ellipse",-0.36242,"as given in Ref",3,NA,NA,NA,NA,NA,NA,NA,NA,NA,NA,NA,NA,NA,NA,NA,NA,NA,NA,NA,NA,NA,NA,NA,NA,"Illinois, 5 Lakes",1950,NA,"publication year","840","open waters",12.3,NA,1873,NA,NA,NA,3,1991-11-19,3,2013-02-13,NA,NA,NA
"Lepomis macrochirus",3375,3695,3571,NA,1836,"unsexed",NA,1883,24.1,NA,NA,NA,NA,NA,NA,NA,24.1,0.318,NA,NA,NA,NA,NA,NA,NA,NA,NA,NA,"TL","Ford/Walford plot",367,0,"within ellipse",-0.36003,"as given in Ref",3,NA,NA,NA,NA,NA,NA,NA,NA,NA,NA,NA,NA,NA,NA,NA,NA,NA,NA,NA,NA,NA,NA,NA,NA,"Iowa, East Lake",1950,NA,"publication year","840","open waters",11.4,NA,1873,NA,NA,NA,3,1991-11-19,3,2013-02-13,NA,NA,NA
"Lepomis macrochirus",3375,3696,3571,NA,1836,"unsexed",NA,1883,27.7,NA,NA,NA,NA,NA,NA,NA,27.7,0.199,NA,NA,NA,NA,NA,NA,NA,NA,NA,NA,"TL","Ford/Walford plot",557,0,"within ellipse",-0.48607,"as given in Ref",3,NA,NA,NA,NA,NA,NA,NA,NA,NA,NA,NA,NA,NA,NA,NA,NA,NA,NA,NA,NA,NA,NA,NA,NA,"Ohio, Lake Meander",1950,NA,"publication year","840","open waters",11.1,NA,1873,NA,NA,NA,3,1991-11-19,3,2013-02-13,NA,NA,NA
"Lepomis macrochirus",3375,3697,3571,NA,1836,"unsexed",NA,1883,28.7,NA,NA,NA,NA,NA,NA,NA,28.7,0.191,NA,NA,NA,NA,NA,NA,NA,NA,NA,NA,"TL","Ford/Walford plot",619,0,"within ellipse",-0.49316,"as given in Ref",3,NA,NA,NA,NA,0.36,"age-structured catch curve in unexploited population",NA,40666,NA,NA,NA,NA,NA,NA,NA,NA,NA,NA,NA,NA,NA,NA,NA,NA,"Minnesota; M for Mid Lake, Wisconsin",1950,NA,"publication year","840","open waters",5.2,NA,1873,NA,NA,NA,3,1991-11-19,3,2013-02-13,NA,NA,NA
"Lepomis macrochirus",3375,3698,3571,NA,1836,"unsexed",NA,1883,31.4,NA,NA,NA,NA,NA,NA,NA,31.4,0.231,NA,NA,NA,NA,NA,NA,NA,NA,NA,NA,"TL","Ford/Walford plot",1131,0,"within ellipse",-0.42513,"using LWR of species",3.09,NA,NA,NA,NA,0.39,"from tmax & Hoenig's model",NA,3993,NA,NA,NA,NA,NA,NA,NA,NA,NA,NA,NA,NA,NA,NA,NA,NA,"Red Haw Lake, Iowa",1950,NA,"publication year","840","open waters",11.1,NA,1873,NA,NA,NA,3,1991-11-19,3,2013-02-13,NA,NA,NA
"Micropogonias undulatus",408,1627,422,144,312,"unsexed",NA,1165,18.2,NA,NA,NA,NA,NA,NA,NA,18.2,1.452,NA,NA,NA,NA,NA,0.18,NA,NA,NA,NA,"TL","non-linear regression",81.6255,-1,"unchecked",0.12854,"computed from TL Loo using Bayesian LWR",NA,NA,NA,NA,NA,NA,NA,NA,NA,NA,NA,NA,NA,NA,NA,NA,NA,NA,NA,NA,NA,NA,NA,NA,NA,"Florida, Pensacola Estuary",1970,NA,"publication year","840","open waters",25,NA,2011,NA,NA,NA,3,1991-09-14,65,2020-06-11,NA,NA,NA
"Micropogonias undulatus",408,1628,422,144,1166,"unsexed",NA,1184,39,NA,NA,NA,NA,NA,NA,NA,39,0.35,NA,NA,NA,NA,NA,NA,NA,NA,NA,NA,"TL","Ford/Walford plot",907.32812,0,"unchecked",-0.28656,"computed from TL Loo using Bayesian LWR",NA,NA,5,NA,NA,0.87,"from tmax & Hoenig's model",NA,12193,NA,NA,NA,NA,NA,NA,NA,NA,NA,NA,NA,NA,NA,NA,NA,NA,"Texas",1929,NA,"publication year","840","open waters",26,NA,37814,NA,"Do not use M value for new model to predict M.",NA,3,1991-09-14,65,2020-06-11,NA,NA,NA
"Micropogonias undulatus",408,1629,422,144,5760,"unsexed","annuli on many otoliths",5908,41.9,NA,NA,NA,NA,NA,NA,NA,41.9,0.27,NA,NA,NA,NA,NA,NA,NA,NA,NA,NA,"NG",NA,NA,0,"unchecked",-0.35053,NA,NA,NA,NA,NA,NA,NA,NA,NA,NA,NA,NA,NA,NA,NA,NA,NA,NA,NA,NA,NA,NA,NA,NA,NA,NA,"Northern Gulf of Mexico",1985,NA,"publication year","840","open waters",25,NA,4751,NA,NA,NA,3,1993-07-26,3,2013-02-13,NA,NA,NA
"Micropogonias undulatus",408,1630,422,140,5760,"unsexed",NA,5862,64.5,NA,NA,NA,NA,NA,NA,NA,64.5,0.2,NA,NA,NA,NA,NA,NA,NA,NA,NA,NA,"NG",NA,NA,0,"unchecked",-0.38627,NA,NA,NA,NA,NA,NA,NA,NA,NA,NA,NA,NA,NA,NA,NA,NA,NA,NA,NA,NA,NA,NA,NA,NA,NA,NA,"North Carolina",1988,NA,"publication year","840","open waters",24,NA,37814,NA,NA,NA,3,1993-07-26,3,2013-02-13,NA,NA,NA
"Micropogonias undulatus",408,9553,422,NA,72458,"unsexed","annuli on many otoliths",32034,31,753,0.99,NA,NA,NA,NA,NA,NA,0.36,NA,NA,NA,NA,NA,-3.26,NA,NA,NA,NA,NA,"non-linear regression",NA,0,"doubtful",NA,NA,NA,NA,8,NA,NA,NA,NA,NA,NA,NA,NA,NA,NA,NA,NA,NA,NA,NA,NA,NA,NA,NA,NA,NA,NA,"Chesapeake Bay",1988,1991,"Sampling year","840","open waters",NA,NA,NA,NA,NA,NA,1723,2008-03-31 20:01:39,3,2013-04-24 22:14:50,NA,NA,NA
"Micropogonias undulatus",408,26668,422,1409,130949,"mixed","length-frequencies",NA,44.3,NA,NA,NA,NA,NA,NA,NA,NA,0.39,NA,NA,NA,NA,NA,0.68,NA,NA,NA,NA,"FL","ELEFAN I",NA,0,"unchecked",NA,NA,NA,0.66,NA,NA,NA,0.59,"other non-independent estimates",NA,130949,NA,NA,NA,NA,NA,NA,NA,NA,NA,NA,NA,NA,NA,NA,NA,NA,"Florida (Gulf coast)",1996,2017,"sampling year","840","open waters",NA,NA,NA,NA,"M based on Then et al. (2015) equation.",NA,2448,2024-05-17,NA,2024-05-17,NA,NA,NA
"Micropogonias undulatus",408,26667,422,1436,130949,"mixed","length-frequencies",NA,51.6,NA,NA,NA,NA,NA,NA,NA,NA,0.26,NA,NA,NA,NA,NA,0.62,NA,NA,NA,NA,"FL","ELEFAN I",NA,0,"unchecked",NA,NA,NA,0.83,NA,NA,NA,0.42,"other non-independent estimates",NA,130949,NA,NA,NA,NA,NA,NA,NA,NA,NA,NA,NA,NA,NA,NA,NA,NA,"Florida (Atlantic coast)",1996,2017,"sampling year","840","open waters",NA,NA,NA,NA,"M based on Then et al. (2015) equation.",NA,2448,2024-05-17,NA,2024-05-17,NA,NA,NA
"Morone americana",355,1444,369,233,312,"female",NA,1241,52,NA,NA,NA,NA,NA,NA,NA,52,0.073,NA,NA,NA,NA,NA,-1.52,NA,NA,NA,NA,"TL","non-linear regression",1860,0,"unchecked",-0.6624,"using LWR of species",3.161,NA,NA,NA,NA,NA,NA,NA,NA,NA,NA,NA,NA,NA,NA,NA,NA,NA,NA,NA,NA,NA,NA,NA,NA,"York River Mouth, Chesapeake Bay",1972,NA,"publication year","840","open waters",15,NA,37814,NA,NA,NA,3,1991-09-14,3,2013-02-13,NA,NA,NA
"Morone americana",355,1445,369,233,312,"male",NA,1241,35,NA,NA,NA,NA,NA,NA,NA,35,0.131,NA,NA,NA,NA,NA,-0.98,NA,NA,NA,NA,"TL","non-linear regression",488,0,"unchecked",-0.57169,"using LWR of species",3.19,NA,NA,NA,NA,NA,NA,NA,NA,NA,NA,NA,NA,NA,NA,NA,NA,NA,NA,NA,NA,NA,NA,NA,NA,"York River Mouth, Chesapeake Bay",1972,NA,"publication year","840","open waters",15,NA,37814,NA,NA,NA,3,1991-09-14,3,2013-02-13,NA,NA,NA
"Morone americana",355,24170,369,151,120705,"female",NA,120717,26.1,NA,NA,NA,NA,NA,NA,NA,26.1,0.682,NA,NA,NA,NA,NA,0.474,NA,NA,NA,NA,"TL",NA,121.36266,-1,"doubtful",NA,"computed from TL Loo using Bayesian LWR",NA,NA,NA,NA,NA,NA,NA,NA,NA,NA,NA,NA,NA,NA,NA,NA,NA,NA,NA,NA,NA,NA,NA,NA,NA,"Western Lake Erie",1986,NA,"publication year","840","open waters",NA,NA,NA,NA,NA,NA,10,2019-07-31,65,2020-06-11,NA,NA,NA
"Morone saxatilis",353,1434,367,132,312,"female","scale annual rings",1243,123,NA,NA,NA,NA,NA,NA,NA,123,0.125,NA,NA,NA,NA,NA,NA,NA,NA,NA,NA,"TL","non-linear regression",23900,0,"within ellipse",-0.43212,"using LWR of species",3.153,NA,30,NA,NA,NA,NA,NA,NA,NA,NA,NA,NA,NA,NA,NA,45.8,0.37,NA,"TL",1243,NA,NA,NA,NA,"San Francisco Bay, California",1931,NA,"publication year","840","open waters",18,NA,37814,NA,NA,NA,3,1991-11-06,3,2013-02-13,NA,NA,NA
"Morone saxatilis",353,1435,367,132,312,"male","scale annual rings",1243,76.3,NA,NA,NA,NA,NA,NA,NA,76.3,0.246,NA,NA,NA,NA,NA,NA,NA,NA,NA,NA,"TL","non-linear regression",5540,-1,"within ellipse",-0.32354,"using LWR of species",3.224,NA,NA,NA,NA,NA,NA,NA,NA,NA,NA,NA,NA,NA,NA,NA,46.3,0.61,NA,"TL",1243,NA,NA,NA,NA,"San Francisco Bay, California",1931,NA,"publication year","840","open waters",18,NA,37814,NA,NA,NA,3,1991-11-06,3,2013-02-13,NA,NA,NA
"Morone saxatilis",353,1436,367,132,312,"unsexed","scale annual rings",1244,95.8,NA,NA,NA,NA,NA,NA,NA,95.8,0.188,NA,NA,NA,NA,NA,NA,NA,NA,NA,NA,"TL","non-linear regression",5440,-1,"within ellipse",-0.36633,"using LWR of species",2.907,NA,NA,NA,NA,NA,NA,NA,NA,NA,NA,NA,NA,NA,NA,NA,55,0.57,"female","TL",1244,NA,NA,55,0.57,"Coos Bay, Oregon",1949,1950,"sampling year","840","open waters",18,NA,37814,NA,NA,NA,3,1991-11-06,3,2013-02-13,NA,NA,NA
"Morone saxatilis",353,1437,367,233,312,"unsexed",NA,1245,98.7,NA,NA,NA,NA,NA,NA,NA,98.7,0.158,NA,NA,NA,NA,NA,-2.96,NA,NA,NA,NA,"TL","non-linear regression",5930,-1,"within ellipse",-0.40181,"using LWR of species",2.907,NA,NA,NA,NA,0.15,"from tmax & Hoenig's model",NA,1468,NA,NA,NA,NA,NA,NA,NA,NA,NA,NA,"TL",1245,25.4,0.26,50.8,0.51,"Chesapeake Bay",1936,1938,"sampling year","840","open waters",15,NA,37814,NA,"Do not use M value for new model to predict M.",NA,3,1991-11-06,3,2013-02-13,NA,NA,NA
"Morone saxatilis",353,1438,367,132,5760,"female",NA,5781,102,NA,NA,NA,NA,NA,NA,NA,102,0.2,NA,NA,NA,NA,NA,NA,NA,NA,NA,NA,"NG",NA,13200,0,"within ellipse",-0.34799,"using LWR of species",3.153,NA,NA,NA,NA,NA,NA,NA,NA,NA,NA,NA,NA,NA,NA,NA,NA,NA,NA,NA,NA,NA,NA,NA,NA,"California",1982,NA,"publication year","840","open waters",18,NA,37814,NA,NA,NA,3,1993-07-27,3,2013-02-13,NA,NA,NA
"Morone saxatilis",353,1439,367,132,5760,"female",NA,5859,113,NA,NA,NA,NA,NA,NA,NA,113,0.16,NA,NA,NA,NA,NA,NA,NA,NA,NA,NA,"NG",NA,18300,0,"within ellipse",-0.38765,"using LWR of species",3.153,NA,NA,NA,NA,NA,NA,NA,NA,NA,NA,NA,NA,NA,NA,NA,NA,NA,NA,NA,NA,NA,NA,NA,NA,"California",1960,NA,"publication year","840","open waters",18,NA,37814,NA,NA,NA,3,1993-07-27,3,2013-02-13,NA,NA,NA
"Morone saxatilis",353,1440,367,132,5760,"male",NA,5859,87.4,NA,NA,NA,NA,NA,NA,NA,87.4,0.22,NA,NA,NA,NA,NA,NA,NA,NA,NA,NA,"NG",NA,8580,-1,"within ellipse",-0.33869,"using LWR of species",3.224,NA,NA,NA,NA,NA,NA,NA,NA,NA,NA,NA,NA,NA,NA,NA,NA,NA,NA,NA,NA,NA,NA,NA,NA,"California",1960,NA,"publication year","840","open waters",18,NA,37814,NA,NA,NA,3,1993-07-27,3,2013-02-13,NA,NA,NA
"Morone saxatilis",353,1441,367,132,5760,"male",NA,5781,95.5,NA,NA,NA,NA,NA,NA,NA,95.5,0.2,NA,NA,NA,NA,NA,NA,NA,NA,NA,NA,"NG",NA,11400,-1,"within ellipse",-0.35301,"using LWR of species",3.224,NA,NA,NA,NA,NA,NA,NA,NA,NA,NA,NA,NA,NA,NA,NA,NA,NA,NA,NA,NA,NA,NA,NA,NA,"California",1982,NA,"publication year","840","open waters",18,NA,37814,NA,NA,NA,3,1993-07-27,3,2013-02-13,NA,NA,NA
"Morone saxatilis",353,1442,367,233,11511,"female","scale annual rings",NA,139,NA,NA,NA,NA,NA,NA,NA,139,0.117,NA,NA,NA,NA,NA,NA,NA,NA,NA,NA,"TL",NA,35100,0,"within ellipse",-0.43481,"using LWR of species",3.153,NA,NA,NA,NA,0.14,"other method",NA,48512,NA,NA,NA,NA,NA,NA,NA,NA,NA,NA,NA,NA,NA,NA,NA,NA,"Chesapeake Bay; M is for Lake Gaston, NC (1997-98)",1961,NA,"publication year","840","open waters",15,NA,37814,NA,"Note: M is for a lake and to be transferred to  a growth record for Lake Gaston when available. M estimated from telemetry data.",NA,3,1996-07-18,3,2013-02-13,NA,NA,NA
"Morone saxatilis",353,1443,367,233,11511,"male","scale annual rings",NA,102,NA,NA,NA,NA,NA,NA,NA,102,0.274,NA,NA,NA,NA,NA,NA,NA,NA,NA,NA,"TL",NA,14100,0,"within ellipse",-0.27992,"using LWR of species",3.224,NA,NA,NA,NA,NA,NA,NA,NA,NA,NA,NA,NA,NA,NA,NA,NA,NA,NA,NA,NA,NA,NA,NA,NA,"Chesapeake Bay",1961,NA,"publication year","840","open waters",15,NA,37814,NA,NA,NA,3,1996-07-18,3,2013-02-13,NA,NA,NA
"Pogonias cromis",425,1644,439,144,312,"unsexed",NA,1189,105,NA,NA,NA,NA,NA,NA,NA,105,0.17,NA,NA,NA,NA,NA,NA,NA,NA,NA,NA,"TL",NA,16600,0,"within ellipse",-0.38074,"using LWR of species",3.05,NA,NA,NA,NA,NA,NA,NA,NA,NA,NA,NA,NA,NA,NA,NA,NA,NA,NA,NA,NA,NA,NA,NA,NA,"Texas",1973,NA,"publication year","840","open waters",26,NA,37814,NA,NA,NA,3,1991-09-14,3,2013-02-13,NA,NA,NA
"Pogonias cromis",425,1645,439,144,7188,"unsexed","annuli on many otoliths",NA,110,NA,NA,NA,NA,NA,NA,NA,110,0.038,NA,NA,NA,NA,NA,-16.4,NA,NA,NA,NA,"TL","non-linear regression",28800,0,"doubtful",-0.69571,"using LWR of species",3.05,NA,NA,NA,NA,0.09,"from tmax & Hoenig's model",NA,7188,NA,NA,NA,NA,NA,NA,NA,NA,NA,NA,NA,NA,NA,NA,NA,NA,"Louisiana",1984,1987,"sampling year","840","open waters",26,NA,37814,NA,"VBGF fitted to weighted data; growth curve not asymptotic; t-zero too large (?). Do not use M value for new model to predict M.",NA,3,1994-06-29,3,2013-02-13,NA,NA,NA
"Pogonias cromis",425,1646,439,144,12345,"unsexed","tagging/recapture",NA,84.4,NA,NA,NA,NA,NA,NA,NA,84.4,0.175,NA,NA,NA,NA,NA,NA,NA,NA,NA,NA,"TL","other method(s)/n.a.",8560,-1,"within ellipse",-0.39295,"using LWR of species",3.05,NA,NA,NA,NA,NA,NA,NA,NA,NA,NA,NA,NA,NA,NA,NA,NA,NA,NA,NA,NA,NA,NA,NA,NA,"Texas bays",1950,1975,"sampling year","840","open waters",26,NA,37814,NA,NA,NA,3,1997-01-23,3,2013-02-13,NA,NA,NA
"Pogonias cromis",425,7039,439,144,46800,"unsexed","tagging/recapture",NA,79.8,NA,NA,NA,NA,NA,NA,NA,79.8,0.219,NA,NA,NA,NA,NA,NA,NA,NA,NA,NA,"TL","non-linear regression",7210,-1,"within ellipse",NA,"using LWR of species",3.05,NA,NA,NA,NA,NA,NA,NA,NA,NA,NA,NA,NA,NA,NA,NA,NA,NA,NA,NA,NA,NA,NA,NA,NA,"Texas bays",1975,1985,"sampling year","840","open waters",21,21,46800,NA,NA,NA,3,2003-05-09,3,2013-02-13,NA,NA,NA
"Pogonias cromis",425,9556,439,NA,72458,"unsexed",NA,NA,117,NA,NA,NA,NA,NA,NA,NA,NA,0.105,NA,NA,NA,NA,NA,-2.3,NA,NA,NA,NA,NA,NA,NA,0,"unchecked",NA,NA,NA,NA,60,NA,NA,NA,NA,NA,NA,NA,NA,NA,NA,NA,NA,NA,NA,NA,NA,NA,NA,NA,NA,NA,NA,NA,NA,NA,NA,NA,"open waters",NA,NA,NA,NA,NA,NA,1723,2008-03-31 20:14:17,3,2013-02-13,NA,NA,NA
"Pogonias cromis",425,22386,439,NA,104736,"mixed",NA,NA,170,NA,NA,NA,NA,NA,NA,NA,170,0.2,NA,NA,NA,NA,NA,NA,NA,NA,NA,NA,"TL",NA,22791,0,"unchecked",NA,"as given in Main Ref. or Ref. for growth",NA,NA,NA,NA,NA,NA,NA,NA,NA,NA,NA,NA,NA,NA,NA,NA,NA,NA,NA,NA,NA,NA,NA,NA,NA,"Chuy, Uruguay (34°S) to Ríncon, Argentina (41°S)",1981,1983,"sampling year","032","open waters",NA,NA,NA,NA,"Length type not given, but assumed to be TL.",NA,3,2015-12-12,NA,2015-12-12,NA,NA,NA
"Sciaenops ocellatus",1191,2296,1207,144,312,"unsexed",NA,1191,90,NA,NA,NA,NA,NA,NA,NA,90,0.416,NA,NA,NA,NA,NA,-0.08,NA,NA,NA,NA,"TL","non-linear regression",8317.29297,0,"unchecked",-0.19491,"computed from TL Loo using Bayesian LWR",NA,NA,NA,NA,NA,NA,NA,NA,NA,NA,NA,NA,NA,NA,NA,NA,NA,NA,NA,NA,NA,NA,NA,NA,NA,"Texas",1950,NA,"publication year","840","open waters",21.5,NA,37814,NA,NA,NA,3,1991-09-14,65,2020-06-11,NA,NA,NA
"Sciaenops ocellatus",1191,2297,1207,144,312,"unsexed","length-frequencies",1184,105,NA,NA,NA,NA,NA,NA,NA,105,0.3,NA,NA,NA,NA,NA,NA,NA,NA,NA,NA,"TL",NA,13330.27734,0,"unchecked",-0.2587,"computed from TL Loo using Bayesian LWR",NA,NA,NA,NA,NA,NA,NA,NA,NA,NA,NA,NA,NA,NA,NA,NA,NA,NA,NA,NA,NA,NA,NA,NA,NA,"Texas",1929,NA,"publication year","840","open waters",21.5,NA,37814,NA,NA,NA,3,1991-09-14,65,2020-06-11,NA,NA,NA
"Sciaenops ocellatus",1191,2298,1207,144,12345,"unsexed","tagging/recapture",NA,87.9,NA,NA,NA,NA,NA,NA,NA,87.9,0.464,NA,NA,NA,NA,NA,NA,NA,NA,NA,NA,"TL","other method(s)/n.a.",7737.59375,0,"unchecked",-0.17155,"computed from TL Loo using Bayesian LWR",NA,NA,NA,NA,NA,NA,NA,NA,NA,NA,NA,NA,NA,NA,NA,NA,NA,NA,NA,NA,NA,NA,NA,NA,NA,"Upper Laguna Madre, Texas",1950,1975,"sampling year","840","open waters",21.5,NA,37814,NA,NA,NA,3,1997-01-23,65,2020-06-11,NA,NA,NA
"Sciaenops ocellatus",1191,2299,1207,144,12345,"unsexed","tagging/recapture",NA,90,NA,NA,NA,NA,NA,NA,NA,90,0.423,NA,NA,NA,NA,NA,NA,NA,NA,NA,NA,"TL","other method(s)/n.a.",8317.29297,0,"unchecked",-0.1912,"computed from TL Loo using Bayesian LWR",NA,NA,NA,NA,NA,NA,NA,NA,NA,NA,NA,NA,NA,NA,NA,NA,NA,NA,NA,NA,NA,NA,NA,NA,NA,"Galveston Bay, Texas",1950,1975,"sampling year","840","open waters",21.5,NA,37814,NA,NA,NA,3,1997-01-23,65,2020-06-11,NA,NA,NA
"Sciaenops ocellatus",1191,2300,1207,144,12345,"unsexed","tagging/recapture",NA,94,NA,NA,NA,NA,NA,NA,NA,94,0.504,NA,NA,NA,NA,NA,NA,NA,NA,NA,NA,"TL","other method(s)/n.a.",9501.04102,0,"unchecked",-0.15081,"computed from TL Loo using Bayesian LWR",NA,NA,NA,NA,NA,NA,NA,NA,NA,NA,NA,NA,NA,NA,NA,NA,NA,NA,NA,NA,NA,NA,NA,NA,NA,"Corpus Christi Bay, Texas",1950,1975,"sampling year","840","open waters",21.5,NA,37814,NA,NA,NA,3,1997-01-23,65,2020-06-11,NA,NA,NA
"Sciaenops ocellatus",1191,2301,1207,144,12345,"unsexed","tagging/recapture",NA,95.7,NA,NA,NA,NA,NA,NA,NA,95.7,0.274,NA,NA,NA,NA,NA,NA,NA,NA,NA,NA,"TL","other method(s)/n.a.",10036.68848,0,"unchecked",-0.28383,"computed from TL Loo using Bayesian LWR",NA,NA,NA,NA,NA,NA,NA,NA,NA,NA,NA,NA,NA,NA,NA,NA,NA,NA,NA,NA,NA,NA,NA,NA,NA,"Lower Laguna Madre, Texas",1950,1975,"sampling year","840","open waters",21.5,NA,37814,NA,NA,NA,3,1997-01-23,65,2020-06-11,NA,NA,NA
"Sciaenops ocellatus",1191,2302,1207,144,12345,"unsexed","tagging/recapture",NA,97.8,NA,NA,NA,NA,NA,NA,NA,97.8,0.409,NA,NA,NA,NA,NA,NA,NA,NA,NA,NA,"TL","other method(s)/n.a.",10725.97754,0,"unchecked",-0.19508,"computed from TL Loo using Bayesian LWR",NA,NA,NA,NA,NA,0.62,"from tmax & Hoenig's model",NA,12193,NA,NA,NA,NA,NA,NA,NA,NA,NA,NA,NA,NA,NA,NA,NA,NA,"San Antonio Bay, Texas",1950,1975,"sampling year","840","open waters",21.5,NA,37814,NA,"Do not use M value for new model to predict M.",NA,3,1997-01-23,65,2020-06-11,NA,NA,NA
"Sciaenops ocellatus",1191,2303,1207,144,12345,"unsexed","tagging/recapture",NA,118,NA,NA,NA,NA,NA,NA,NA,118,0.274,NA,NA,NA,NA,NA,NA,NA,NA,NA,NA,"TL","other method(s)/n.a.",19052.80273,0,"unchecked",-0.27137,"computed from TL Loo using Bayesian LWR",NA,NA,NA,NA,NA,NA,NA,NA,NA,NA,NA,NA,NA,NA,NA,NA,NA,NA,NA,NA,NA,NA,NA,NA,NA,"Aransas Bay, Texas",1950,1975,"sampling year","840","open waters",21.5,NA,37814,NA,NA,NA,3,1997-01-23,65,2020-06-11,NA,NA,NA
"Sciaenops ocellatus",1191,6433,1207,144,32121,"mixed","annuli on many otoliths",NA,93.4,NA,NA,NA,NA,NA,NA,NA,99.3,0.49,NA,NA,NA,NA,NA,-0.029,NA,NA,NA,NA,"FL","non-linear regression",9860,0,"unchecked",NA,"using LWR of species",3.098,NA,NA,NA,NA,NA,NA,NA,NA,NA,NA,NA,NA,NA,NA,NA,NA,NA,NA,NA,NA,NA,NA,NA,NA,"Tampa Bay (27°40'N, 82°35'W), Florida",1981,1983,"sampling year","840","open waters",26,NA,37814,NA,NA,NA,3,2002-01-23,3,2013-02-13,NA,NA,NA
"Sciaenops ocellatus",1191,6434,1207,140,32121,"mixed","annuli on many otoliths",NA,98,NA,NA,NA,NA,NA,NA,NA,104,0.418,NA,NA,NA,NA,NA,-0.149,NA,NA,NA,NA,"FL","non-linear regression",10700,0,"unchecked",NA,"using LWR of species",3.028,NA,7,NA,NA,NA,NA,NA,NA,NA,NA,NA,NA,NA,NA,NA,NA,NA,NA,NA,NA,NA,NA,NA,NA,"Mosquito/Upper Indian River Lagoon, Florida",1981,1983,"sampling year","840","open waters",23,NA,37814,NA,NA,NA,3,2002-01-23,3,2013-02-13,NA,NA,NA
"Sciaenops ocellatus",1191,7037,1207,144,46800,"unsexed","tagging/recapture",NA,91.8,NA,NA,NA,NA,NA,NA,NA,91.8,0.422,NA,NA,NA,NA,NA,NA,NA,NA,NA,NA,"TL","non-linear regression",8836.87305,0,"unchecked",NA,"computed from TL Loo using Bayesian LWR",NA,NA,NA,NA,NA,NA,NA,NA,NA,NA,NA,NA,NA,NA,NA,NA,NA,NA,NA,NA,NA,NA,NA,NA,NA,"Texas bays",1975,1985,"sampling year","840","open waters",21,21,46800,NA,NA,NA,3,2003-05-09,65,2020-06-11,NA,NA,NA
"Sciaenops ocellatus",1191,7045,1207,144,46800,"unsexed","annuli on many otoliths",46908,94.5,NA,NA,NA,NA,NA,NA,NA,94.5,0.449,NA,NA,NA,NA,NA,-0.324,NA,NA,NA,NA,"TL",NA,9656.53418,0,"unchecked",NA,"computed from TL Loo using Bayesian LWR",NA,NA,NA,NA,NA,NA,NA,NA,NA,NA,NA,NA,NA,NA,NA,NA,NA,NA,NA,NA,NA,NA,NA,NA,NA,"South Carolina",1976,NA,"publication year","840","open waters",26,NA,37814,NA,NA,NA,3,2003-05-09,65,2020-06-11,NA,NA,NA
"Sciaenops ocellatus",1191,7044,1207,144,46800,"unsexed","annuli on many otoliths",46907,95,NA,NA,NA,NA,NA,NA,NA,95,0.37,NA,NA,NA,NA,NA,-0.3,NA,NA,NA,NA,"TL",NA,9813.73145,0,"unchecked",NA,"computed from TL Loo using Bayesian LWR",NA,NA,NA,NA,NA,NA,NA,NA,NA,NA,NA,NA,NA,NA,NA,NA,NA,NA,NA,NA,NA,NA,NA,NA,NA,"Louisiana",1980,NA,"publication year","840","open waters",26,NA,37814,NA,NA,NA,3,2003-05-09,65,2020-06-11,NA,NA,NA
"Sciaenops ocellatus",1191,9557,1207,NA,72458,"unsexed",NA,NA,98,NA,NA,NA,NA,NA,NA,NA,NA,0.42,NA,NA,NA,NA,NA,-0.15,NA,NA,NA,NA,NA,NA,NA,0,"unchecked",NA,NA,NA,NA,33,NA,NA,NA,NA,NA,NA,NA,NA,NA,NA,NA,NA,NA,NA,NA,NA,NA,NA,NA,NA,NA,NA,NA,NA,NA,NA,NA,"open waters",NA,NA,NA,NA,NA,NA,1723,2008-03-31 20:31:49,3,2013-02-13,NA,NA,NA
"Sciaenops ocellatus",1191,26457,1207,144,129600,"female","annuli on many otoliths",NA,96.963,389,NA,0.342,NA,NA,NA,NA,96.963,0.3,0.01,NA,NA,NA,NA,-0.35,0.05,NA,NA,NA,"TL","non-linear regression",NA,0,"unchecked",NA,NA,NA,NA,36,129600,NA,0.22,"other non-independent estimates",NA,129600,NA,NA,NA,NA,NA,NA,NA,NA,NA,NA,NA,NA,NA,NA,NA,NA,"north-central Gulf of Mexico",2006,2018,"sampling year","840","open waters",NA,NA,NA,NA,"M from the average of 3 empirical equations, 2 of which based on tmax and the other based on Linf and K.",NA,2448,2023-11-07,NA,2023-11-07,NA,NA,NA
"Sciaenops ocellatus",1191,26456,1207,144,129600,"male","annuli on many otoliths",NA,93.271,369,NA,0.378,NA,NA,NA,NA,93.271,0.3,0.01,NA,NA,NA,NA,-0.45,0.06,NA,NA,NA,"TL","non-linear regression",NA,0,"unchecked",NA,NA,NA,NA,36,129600,NA,0.22,"other non-independent estimates",NA,129600,NA,NA,NA,NA,NA,NA,NA,NA,NA,NA,NA,NA,NA,NA,NA,NA,"north-central Gulf of Mexico",2006,2018,"sampling year","840","open waters",NA,NA,NA,NA,"M from the average of 3 empirical equations, 2 of which based on tmax and the other based on Linf and K.",NA,2448,2023-11-07,NA,2023-11-07,NA,NA,NA
